ID,Producto
1808,Ultimas piezas
2987,BOLSA DE EMPAQUE CHICA
2988,BOLSA DE EMPAQUE MEDIANA
2989,BOLSA DE EMPAQUE GRANDE
2990,BOLSA DE EMPAQUE JUMBO
2991,BOLSA DE CINCHOS CHICO
2992,BOLSA DE CINCHOS MEDIANO
2993,BOLSA DE CINCHOS GRANDE
2994,ROLLO P/IMPRESORA DE TICKETS
2995,CINTA CANELA PIEZA
2996,DIUREX CHICO PIEZA
2997,SILICON PIEZA
2998,PAPEL METALICO PIEZA
2999,CONTROL PARA MANGUERA FIJA
3000,CONTROL P/MANGUERA DE MOVIMIENTO
3001,CONTROL P/ TIRA LED BLANCA
3002,CONTROL P/ TIRA LED COLOR
3030,CONECTOR PARA MANGUERA
1809,SERIE 100 L BLANCA
1810,SERIE 100 L COLOR
1811,MUSICAL 140 L BLANCA 7M
3156,MUSICAL BLANCA DE 140 L C/TRANSP
1812,MUSICAL 140 L COLOR  7M
3157,MUSICAL 140 L AZUL C/TRANSP
1813,MUSICAL 140 L ROSA 7M 
3129,MUSICAL 140 L MORADA
2657,MAGICA 200 L AZUL 10M
1814,MAGICA 300 L BLANCA 16M
3158,MAGICA 300 L BLANCA C/TRANSP
1815,MAGICA 300 L COLOR 15M
2658,MAGICA 300 L AZUL 15M 
1816,MAGICA 300 L MORADA 16M 
3159,MAGICA 300 L BLANCA DOBLE FUNCION
3160,MAGICA 300 L COLOR DOBLE FUNCION
2659,MAGICA 400 L BLANCA 20M
2660,MAGICA 400 L COLOR 20M
1817,MAGICA 400 L COLOR C/TRANSP 20M
3161,MAGICA 400 L AZUL C/TRANSP
1818,MAGICA 500 L BLANCA 20M 
1819,MAGICA 500 L COLOR 20M 
1820,LED 50 L BLANCA C/VERDE
1821,LED 50 L BLANCA C/TRANSP
1822,LED 50 L CALIDA C/VERDE
1823,LED 50 L CALIDA C/TRANSP
1824,LED 50 L COLOR C/VERDE
1825,LED 50 L COLOR C/TRANSP
1826,LED 50 L AZUL
1827,LED 50 L MORADA 
1828,LED 100 L BLANCA
1829,LED 100 L CALIDA
1830,LED 100 L COLOR
1831,LED 100 L AZUL
1832,LED 100 L MORADA
2661,LED 100 L ROSA
2662,LED 100 L ROJO
2663,LED 100 L BLANCA/MORADO
2664,LED 100 L BLANCA/AZUL
2665,LED 140 L MUSICAL BLANCA C/TRANSP 
1833,LED 140 L MUSICAL BLANCA C/VERDE
1834,LED 140 L MUSICAL CALIDA
1835,LED 140 L MUSICAL COLOR 
2666,LED 140 L MUSICAL COLOR C/VERDE
1836,LED 140 L MUSICAL MORADA 
2667,LED 140 L MUSICAL BLANCA/MORADO 
1837,LED 140 L BLANCA C/VERDE
1838,LED 140 L BLANCA C/TRANS
1839,LED 140 L AZUL C/AZUL 
2668,LED 140 L COLOR 
3116,LED 140 L  ROJO C/VERDE
3117,LED 140 L CALIDA C/VERDE
3118,LED 140 L BLANCA/AZUL 
3119,LED 140 L VERDE C/VERDE
3120,LED 200 L VERDE C/VERDE
3121,LED 200 L ROJO C/VERDE
3122,LED 200 L CALIDA C/VERDE
3123,LED 200 L BLANCA 
1840,LED 300 L BLANCA 
1841,LED 300 L BLANCA OPALINO
1842,LED 300 CALIDA C/VERDE 15M
1843,LED 300 L CALIDA C/TRANSP 15M
1844,LED 300 L COLOR 15M
1845,LED 300 L MULTI/BLANCA 15M
1846,LED 300 L AZUL 15M
1847,LED 300 L AZUL/BLANCO 15M 
1848,LED 300 L MORADA 15M
1849,LED 300 L MORADA/BLANCO 16.4M
1850,LED 300 L ROJO 15M
1851,LED 300 L CALIDA/ROJO 15M
1852,LED 300 L ROSA 15M 
1853,LED 300 L VERDE 15M 
1854,LED 300 L VERDE/MORADA
2669,LED 300 L VERDE/AZUL 
2670,LED 300 L ROSA/BLANCO 15M
1855,LED 400 L BLANCA C/VERDE 
1856,LED 400 L COLOR C/VERDE 20M
3162,LED 400 L AZUL
1857,LED 500 L BLANCA 25M
1858,LED 500 L CALIDA 25M
1859,LED 500 L COLOR 25M
1860,LED 500 L AZUL 25M
2671,LED 500 L BLANCA/AZUL 25M
1861,LED 500 L MORADA/BCO 25M
2672,LED 500 L ARCOIRIS 25M
3153,LED 500 L BLANCA/CALIDA
1862,LED 600 L BLANCA 30M
1863,LED 600 L COLOR
1864,LED 700 L BLANCA 35M
1865,LED 700 L COLOR 35M
3163,CASCADA 100 L BLANCA  INTERMITENTE
1866,CASCADA 300 L BLANCA 3.60M
2673,CASCADA 300 L COLOR 3.75 m
1867,CASCADA 300 L AZUL 3.75M
3164,CASCADA 300 L AZUL C/TRANSP
2674,CASCADA 400 L BLANCA 5m
3165,CASCADA 400 L  COLOR C/TRANSP
3166,CASCADA 400 L AZUL
3167,CASCADA 400 L AZUL C/TRANSP
3168,CASCADA 400 L LILAS C/TRANSP
1868,CASCADA 500 L BLANCA 8.10M
1869,CASCADA 500 L COLOR 8.10M
1870,CASCADA 500 L AZUL 7M 
1871,CASCADA LED 300 L BLANCA 6M
1872,CASCADA LED 300 L CALIDA 6M
1873,CASCADA LED 300 L COLOR 6M
1874,CASCADA LED 300 L AZUL 6M
1875,CASCADA LED 300 L MORADA 6M
2675,CASCADA LED 300 L AZUL/BCO 
3054,CASCADA LED 300 L MULTI/BLANCA
3214,CASCADA LED 400 L BLANCO 
2676,CASCADA LED 400 L COLOR 8M
1876,CASC LED 400 L COLOR C/BLANCO 8M 
2677,CASCADA V3 DESTELLOS 480 L BCA 6.15M
1877,CASCADA LED 500 L BLANCA 10M
1878,CASCADA 500 L BLANCA FLASH 8M
1879,CASCADA LED 500 L COLOR 10M
3037,CASCADA LED 500 L MORADA
3038,CASCADA LED 500 L ROSA
3055,CASCADA LED 500 L AZUL
1880,CASCADA LED 600 L BLANCA 6.40M
1881,CASCADA LED 600 L COLOR 6.40M 
3215,CASCADA LED 700 L BLANCO
3216,CASCADA LED 700 L COLOR 
2678,CASCADA LED 1000L BLANCA 20M
2679,CASCADA LED 1000L COLOR 20M
2680,CASCADA V8 LED 300L BLANCA 5.8m 
2681,CASCADA V8 LED 300L COLOR 5.8m 
3273,CASCADA V8 LED 500L BLANCA 
3274,CASCADA V8 LED 500L COLOR 
3272,CASCADA V8 LED 500 L AZUL/BLANCO
1882,RED DE PINO LED 
1883,RED 180 L BLANCA 
3169,RED  240 L BLANCA
3170,RED 240 L COLOR
1884,RED 320 L BLANCA  
1885,RED 320 L COLOR 
1886,RED 320 L AZUL C/AZUL
2682,RED 320 L MORADA C/MORADO 
1887,RED 320 L ROSA C/ROSA 
3171,RED 320 L LILA C/TRANSP
3209,RED 320 L AZUL C/TRANSP
3172,RED  408 L BLANCA 
3173,RED 408 L COLOR
1888,RED LED 320 L BLANCA 
1889,RED LED 320 L COLOR
1890,RED LED 320 L AZUL
1891,RED LED 320 L AZUL/BLANCO 
1892,RED LED 320 L MORADA 
2683,RED V8 LED 320 L BLANCA 
2684,RED V8 LED 320 L COLOR
3174,RED LED 304 L ROSA
1893,COMETA FUGAZ MULTICOLOR
1894,LETRERO FELIZ NAVIDAD MULTICOLOR
1895,FOCO CON BASE
1896,LAMPARA MULTICOLOR
1897,FOCO TIPO ROSQUILLA
1898,MOÑO ROJO
1899,DOS MUÑECOS DE NIEVE LED 
1900,SANTA CON AVION LED
1901,ESTRELLA 40 L BLANCA MULTIFUNCION 
1902,ESTRELLA 40 L COLOR MULTIFUNCION
1903,TRES ESFERAS LED BLANCA 300 L 
1904,TRES ESFERAS LED BICOLOR 300 L 
1905,ESFERA LED BICOLOR 150 L
1906,ESFERA LED BLANCA 150 L
1907,ESFERA LED BLANCA 200 L
1908,ESFERA LED CALIDA 200 L
1909,ESFERA LED BICOLOR 200 L
1910,BASTON LED COLOR 45 L
1911,JUEGO 8 BASTONES MED MORADO
1912,JUEGO 4 BASTONES GDE MORADO 
1913,JUEGO 4 BASTONES GDE ROJO
1914,JUEGO 8 BASTONES MED ROJO
1915,GUIA 3 REGALOS BICOLOR 
1916,LUNA DE METAL
1917,VENADO 80 CM METAL ORO
1918,3 REGALOS PIE DE ARBOL LED
1919,ARBOL DE ACRILICO 1.80
2685,FIGURA PALETA CHICA 66 L
2686,FIGURA PALETA 72 L 
2687,BASTON DOBLE AZUL 45 L
3220,VENADO 80 CM METAL PLATA
2688,ESFERA 15 CM COLOR 8 CAMBIOS 
2689,ESFERA 20 CM COLOR 8 CAMBIOS 
2690,MUÑECO DE NIEVE C/PINO LED 20 L
2691,DESTELLADOR LASER 5000 PARA EXTERIOR
2692,DESTELLADOR LASER 5000A PARA EXTERIOR
2693,PICO DE METAL GRANDE 120 L ORO
2694,MOÑO DE METAL  100 L
2695,VENADO 70 CM METAL DORADO
2696,LUCERO DE METAL ORO 80 L 
2697,ANGEL DE METAL 100 L
2698,MOÑO DE METAL DETALLES ROJO/VDE 80 L
2699,LUCERO METAL DETALLE ROJ/VDE 80 L
2700,ESTRELLA NEON 63 CM BLANCA 
2701,ESTRELLA NEON 63 CM AZUL 
2702,ESTRELLA NEON 63 CM ROJO 
2703,ESTRELLA NEON 63 CM VERDE 
2704,ARBOL GOTA DE AGUA AZUL/BCO 128 L 
2705,ARBOL GOTA DE AGUA BICOLOR 128 L 
2706,ARBOL GOTA DE AGUA BLANCA 128 L 
2707,ARBOL C/FLORES LED BLANCO 
2708,VENADO MANGUERA FLASH 200 L
2026,CAMPANA DE METAL ORO 60 L 
2027,COMETA DE METAL 80 L
2709,FAROL 120 L 
1995,VENADO LED 150 L 
2979,DESTELLADOR LASER FIGURAS P02
2984,LUCERO DE METAL PLATA 80 L
3008,ACRILICO TRES MUÑECOS JL2060
3009,ACRILICO VENADO CALIDO JL2065
3010,80 CM MUÑECO DE NIEVE 
3011,REGALO CUADRADO METAL ROJO JL2143
3012,MUÑECO METAL JL2145
3013,ANGEL CON FLAUTA METAL JL2151 
3014,TRINEO FLASH JL3304 
3015,VENADO TERCIOPELO ORO 1m
3016,VENADO TERCIOPELO ORO 1.20m
3023,FIGURA COPO DE NIEVE 30 L BLANCA ACETATO 
3004,FIGURA COPO DE NIEVE METAL BLANCA 80CM
3033,LUCERO DE METAL PLATA 100 L
3034,PICO DE METAL GRANDE 120 L PLATA
3035,REGALO CUADRADO METAL ORO JL2143
3040,CAMPANA DE METAL PLATA 60 L
3045,FAROL DE METAL ORO JL2124A 80 L
3046,PICO DE METAL MEDIANO 100L ORO
3047,PICO DE METAL MEDIANO 100L PLATA
3048,ESFERA DE METAL 120 L ORO
3049,MUÑECO DE METAL 80CM ORO JL2149
3053,DESTELLADOR LASER PUNTOS Y FIGURAS P04
3061,FIGURA COPO DE NIEVE 30 L COLOR ACETATO
3081,REGALO REDONDO METAL ROJO
3111,PICO DE METAL CHICO ORO JL2125
3112,FIGURA TRES VELAS JL2183
3124,VENADO 120 CM METAL JL2138
3125,VENADO ACRILICO CALIDO 31 CM
3130,2 ESFERAS DE LED METALICA ROJO 120 L
3131,2 ESFERAS DE LED METALICA PLATA 120 L
3132,2 ESFERAS DE LED METALICA ORO 120 L
3140,FAROL DE METAL JL2124B 100 L
3141,ESFERA 20 CM BLANCA JL3308
3142,ESFERA 20 CM COLOR JL3309
3143,CAJA DE REGALO CAMBRAY ROJO C/VDE JL3311
3144,CAJA DE REGALO CAMBRAY ORO C/ROJO JL3312
3145,CAJA DE REGALO CAMBRAY ROJO C/ORO JL3313
3175,ESTRELLA 50 L LED AZUL
3176,VELA MAGICA LED AZUL
3177,VELA MAGICA LED ROJO
3178,FIGURA COPO DE NIEVE LED MULTICOLOR
3219,ESFERA DE METAL 120L PLATA
3221,ARBOL C/FLORES LED CALIDO
3222,PICO DE METAL CHICO PLATA JL2125
3223,REGALO REDONDO METAL ORO 
3250,ESFERA DE LED METALICA ORO 240 L
3251,ESFERA DE LED METALICA PLATA 240L
3252,ESFERA DE LED METALICA ROJO 240L
3106,ESFERA FIESTA MODELO R901
1920,PUNTA ARBOL LED BLANCA CHICA
1921,PUNTA ARBOL LED BICOLOR CHICA
1922,PUNTA ARBOL LED GOTA AGUA BLANCA 
1923,PUNTA ARBOL LED GOTA AGUA COLOR 
1924,PUNTA ARBOL LED GOTA BCO/AZUL 
1925,PUNTA ESTRELLA LED BICOLOR DORADA
1926,PUNTA DE ARBOL PLATA/BLANCA 18 L
1927,PUNTA ARBOL LED MOÑO BLANCO 60 L 
1928,PUNTA ARBOL LED MOÑO COLOR 60 L 
1929,PUNTA ARBOL LED MOÑO ROJO 60 L 
1930,PUNTA ESTRELLA GDE LED COLOR 
3179,PUNTA DE ARBOL COPO DE NIEVE LED MULTICOLOR
3275,PUNTA DE ESTRELLA BLANCA
3276,PUNTA DE ESTRELLA COLOR
2710,V3 300 L DESTELLOS BLANCA
2711,V3 300 L DESTELLOS COLOR
1931,SERIE 8 BASTONES LED ROJO
1932,ARROZ 400 L BLANCO 20M
1933,ARROZ 400 L COLOR 20M 
1934,GUIA DE 10 FOCOS LED CALIDA 3.5M
1935,FLOR DE ROSA 28 L LED ROJA TIPO DIM 3M
1936,CARAMELO LED ROJO 100 L
1937,ROSA GRANDE LED ROJO 22 L 2.5M
1938,GUIA 50 L LED BLANCO 2.4M 
1939,GUIA 50 L LED ROJA 
1940,GUIA 50 L LED CALIDA 
3262,SERIE DE ALAMBRE 300L  C/FOQUITOS BLANCA
3263,SERIE DE ALAMBRE 300L  C/FOQUITOS CALIDA
3264,SERIE DE ALAMBRE 300L  C/FOQUITOS COLOR
1949,CANICA 50 L LED CALIDA 
1950,CANICA 50 L LED BLANCA 
1951,CANICA 50 L LED COLOR
1952,CANICA 50 L LED BLANCA/AZUL 
3146,CANICA 50 L LED ORO
1955,ARROZ 140 L BLANCO
1956,ARROZ 140 L COLOR
1957,ARROZ 180 L AZUL 
1958,GUIA TUBITO LED BLANCA
1959,GUIA TUBITO LED COLOR
1960,NOCHEBUENA MUSICAL
1961,UVA GRANDE
1962,GOTA DE AGUA AZUL 
1963,SER NOCHEBUENA COLOR LED
1964,SER NOCHEBUENA ROJA LED
1965,PAQUETE DE 6 CARAMBANO LED COLOR
1966,FLOR CIRUELO ROJO
1967,FLOR NOCHEBUENA GRANDE COLOR
1968,ARROZ 180 L ROJO 
1969,FLOR CIRUELO COLOR 
1970,FIGURA PICO DE HIELO 40 L BCA 
1971,SERIE ESTRELLA LED BICOLOR 30 L 
1972,ESTRELLA 72 L LED COLOR 
1973,ESTRELLA 72 L LED AZUL
1974,NOCHEBUENA MAGICA 20 L 
1975,GOTA DE AGUA BLANCA
1976,CORTINA 320 L MAGICA BLANCA 
1977,CORTINA 320 L MAGICA COLOR 
1978,FOCO C9 50 L COLOR
1979,MUÑECO DE NIEVE CALIDO 20 L 
1980,BOMBILLA LED BICOLOR BCO /AZUL 30L (FIG. HIELO) 
1981,GLOBO LED BICOLOR 20 L
1982,PIÑA DE PINO BICOLOR
1983,PAQUETE DE 6 CARAMBANO LED BLANCO 
1984,CANICA CUETE 200 L BLANCA 
1985,FLOR 8 PETALOS MORADA LED 20 L
2712,ARROZ 400 L AZUL 
2713,ARROZ 400 L MORADO 
2714,ARROZ 140 L AZUL
2715,ARROZ 140 L ROSA 
2716,ARROZ 140 L AMARILLO 
2717,LIBRE
2718,5MTS GUIA ESFERAS 12 CAMBIOS 
2719,FLOR DE AZALEA AZUL 30 L 
2720,FLOR DE BAHUINIA MORADA 30 L
2721,PALETA BLANCA/MORADO 64 L 
2722,SERIE 10 BASTONES LED MORADO 40 L
2723,FLOR DE AZUCENA BLANCA 30 L 
2724,ESTRELLA TIPO NUEVO MORADA 30 L
2725,NUEVA ROSA MAGICA COLOR 32 L
2726,NUEVA ROSA MAGICA ROJA 32 L
2727,CADENA LED VERDE/MORADO 300 L
2728,CADENA LED MORADO 300 L
2729,CADENA LED AZUL 300 L
2730,CADENA LED COLOR 300 L
2731,SERIE ESFERAS COLOR 15 L
2732,SERIE ESFERAS CALIDA 20 L
2733,SERIE ESFERAS BLANCA 20 L
2734,MUÑECO DE NIEVE LED BICOLOR 20 L
2735,FOCO LED LARGO 5M BLANCA 
2736,FOCO LED LARGO 5 M COLOR 
2737,FOCO LED LARGO 300 L BLANCA 14.40 M
2738,FOCO LED LARGO 300 L CALIDA 14.40 M
2739,FOCO LED LARGO 300 L COLOR 14.40 M P.P.
2946,FLOR AZALEA MORADA 
2981,FIGURA PICO DE HIELO LED BLANCA 30 L
2982,SERIE ESFERAS ROJO 15 L 
2983,SERIE ESFERAS AZUL 15 L
3019,C7 LED BICOLOR 20 L
3020,SERIE CAMPANAS BLANCA 20 L
3021,SERIE CAMPANAS CALIDA 20 L 
3022,SERIE CAMPANAS BICOLOR 20 L
3017,C7 LED BLANCA 20 L
3018,C7 LED CALIDA 20 L
3031,GLOBO CON LUZ CALIDA
3032,GLOBO CON LUZ BLANCA 
3036,NOCHEBUENA LED ROJO 20 L
3082,SERIE 16 FOCOS LED BLANCOS
3086,SERIE 16 FOCOS LED CALIDO
3087,SERIE 16 FOCOS LED BLANCO/AZUL
3088,FIGURA PICO DE HIELO 40 L AZUL
3090,20 L ESFERA BICOLOR 4 CM
3091,GUIA TUBITO LED AZUL
3089,CADENA LED BLANCA C/VERDE
3126,CADENA LED CALIDA C/VERDE
3128,CADENA LED COLOR C/VERDE
3133,FOCO LED LARGO 100 L BCO/AZUL
3147,CANICA (2.5CM) 40 L BLANCA
3148,CANICA (2.5CM) 40 L BICOLOR
3149,CANICA (2.5CM) 40 L AZUL
3150,CANICA (2.5CM) 40 L VERDE
3151,CANICA (2.5CM) 40 L ROJO/BLANCA
3180,ARROZ 100 L BLANCO
3181,ARROZ 100 L AZUL
3182,ARROZ 200 L BLANCO
3183,ARROZ 200 L COLOR
3184,ARROZ 200 L AZUL
3185,ARROZ 300 L BLANCO
3186,ARROZ 300 L AZUL
3187,CADENA BLANCA 300 L C/BLANCO
3188,CANICA GRANDE 72 L LED MULTICOLOR
3189,HOJAS BLANCAS TRANSP 36 L LED
3190,CANICA JUMBO 30 L LED
3191,FLOR DE PERA 28 L LED ROJO
3192,FLOR DE PERA 28 L LED MULTICOLOR
3193,FLOR DE LOTO 30 L LED MULTICOLOR
3194,FLOR DE BEGONIA 22 L MULTICOLOR
3195,DOBLE DIAMANTE LED BLANCO
3196,DOBLE DIAMANTE LED AZUL
3197,DOBLE DIAMANTE LED MORADO
3198,FOCO REEMPLAZABLE 100 L LED ROSA
3199,MARIPOSAS 20 L LED AZUL
3200,FLOR DE LOTO 20 L LED AZUL
3201,JAZMIN 30 L LED TRICOLOR
3202,JAZMIN 30 L LED BICOLOR
3203,ROSA GRANDE TRANSP BICOLOR 20 L LED
3204,LIBRE
3205,ESTRELLA DE MAR 30 L LED BLANCO
3206,HOJA DE MAPLE 48 L LED AZUL
3207,FLOR DE PERLA 36 L LED BICOLOR
3217,FOCO LED LARGO 5M BCO/ROSA
1943,MINICANICA V8 50 L LED BLANCA 3.40 M
1941,MINICANICA V8 50 L LED CALIDA 3.60 M
1942,MINICANICA V8 50 L LED BICOLOR 3.40 M
1947,MINICANICA V8 100 L LED BLANCA 6.60 M
1946,MINICANICA V8 100 L LED CALIDA 6.80 M
1948,MINICANICA V8 100 L LED COLOR 6.80 M
3270,MINICANICA V8 100 L LED COLOR C/TRANS
1986,MINICANICA V8 100 L LED MORADA 6.80 M 
1945,MINICANICA V8 100 L LED VERDE 6.60 M 
1944,MINICANICA V8 100 L LED BLANCA/AZUL 6.60 M
2740,MINICANICA V8 140 L LED BLANCA 6 M APROX
2741,MINICANICA V8 140 L LED CALIDA 6 M APROX
2742,MINICANICA V8 140 L LED AZUL 6 M APROX
2743,MINICANICA V8 140 L LED BLANCA/AZUL 6 M APROX
2744,MINICANICA V8 200 L LED CALIDA 9.50 M 
3269,MINICANICA V8 200 L LED COLOR
1953,MINICANICA V8 300 L LED BLANCA 14.10 M
1954,MINICANICA V8 300 L LED CALIDA 14.10 M
1987,MINICANICA V8 300 L LED COLOR 14.10 M 
2745,MINICANICA V8 300 L LED MULTIBLANCA 14.60 M
2746,MINICANICA V8 300 L LED BLANCA/AZUL 14.10 M 
2747,MINICANICA V8 300 L LED BLANCA/ROSA 14.10 M
2748,MINICANICA V8 300 L LED ROJA/AZUL/ROSA 14.10 M
2749,MINICANICA V8 500 L LED BLANCA 24.30 M
3271,MINICANICA V8 500 L LED CALIDA 24.30 M
2750,MINICANICA V8 500 L LED COLOR 24.30 M
3080,MINICANICA V8 500 L LED MULTI/CALIDO
1988,MANGUERA 6 M BLANCA
1989,MANGUERA GEL 10 M BLANCA
1990,MANGUERA GEL 10 M COLOR
1991,MANGUERA GEL 10 M AZUL
1992,MANGUERA GEL 10 M MORADA
1993,MANGUERA GEL 10 M ROJA 
3218,MANGUERA GEL 10 M BCO/ROJA 
1994,MANGUERA LED 10 M BLANCA 
1996,MANGUERA LED 10 M BLANCA FLASH
1997,MANGUERA LED 10 M COLOR 
1998,MANGUERA LED 10 M BICOLOR
3208,MANGUERA LED  10 M MORADA
2000,MANGUERA LED 10 M AZUL
2001,MANGUERA LED 10 M MOR/BCO 
2751,MANGUERA LED 10 M BLANCO/AZUL
3058,MANGUERA LED 10 M CARAMELO BLANCA
3059,MANGUERA LED 10 M CARAMELO COLOR
2002,MANGUERA LED 10 M BLANCA OFERTA
2003,MANGUERA LED 10 M BICOLOR OFERTA
2752,MANGUERA LED 10 M OPALINO BLANCA
1999,MANGUERA LED 10 M OPALINO COLOR 
2753,MANGUERA LED 10 M OPALINO AZUL
2754,MANGUERA LED 10 M OPALINO MORADO
2755,MANGUERA LED 10 M OPALINO ROSA
3060,MANGUERA LED 10 M OPALINO CARAMELO BLANCA
2004,MANGUERA CORRUGADA BLANCA
2005,MANGUERA CORRUGADA COLOR 
2006,MANGUERA CORRUGADA AZUL
2756,MANGUERA CORRUGADA MORADA
2757,MANGUERA CORRUGADA ROSA
3253,MANGUERA DE TIRA DE LEDS MULTICOLOR 10 M
2758,METRO MANGUERA LED BLANCA
2759,METRO MANGUERA LED BICOLOR
2760,METRO MANGUERA LED BLANCA/AZUL
2761,METRO MANGUERA LED CARAMELO
2947,METRO MANGUERA LED COLOR FIJA 
2007,ROLLO 100M MANGUERA LED BLANCA
2008,ROLLO 100M MANGUERA LED BICOLOR
2762,ROLLO 100M MANGUERA LED BLANCA/AZUL
2763,ROLLO 100M MANGUERA LED CARAMELO
2948,ROLLO 100M MANGUERA LED COLOR FIJA
2764,5 M TIRA LED COLOR
2765,MANGUERA PLANA LED 10M BLANCA
2766,MANGUERA PLANA LED 10M COLOR
3056,MANGUERA PLANA 10M LED BLANCA/AZUL
2767,METRO TIRA LED BLANCA
2768,METRO TIRA LED CALIDA
2769,METRO TIRA LED COLOR
2770,ROLLO 50 M TIRA LED BLANCA
2771,ROLLO 50 M TIRA LED CALIDA
2772,ROLLO 50 M TIRA LED COLOR
2047,LISTON ARROZ BLANCO FOCO BLANCO 
2048,LISTON LED MORADO
2011,LIBRE
2012,LIBRE
2013,LED 300 L BLANCA FLASH
2014,CASCADA 400 L BLANCA 5.50M
2015,CASCADA 500 L MORADA 7.60M 
2016,CASCADA LED 200 L AZUL FIJA 3.70M
2017,CASCADA LED 300 L BLANCA FLASH 6M 
2018,RED LED 320 L MULTIFUNCION
2019,JGO 4 BASTONES GDE AZUL
2020,JGO 4 BASTONES GDE VERDE
2021,ESTRELLA GOTA DE AGUA BLANCA
2022,FIGURA ESTRELLA LED COLOR
2023,GUIA RAMA MAGICA BLANCA
2024,TORRE IFEL 80 CM 
2025,REGALO ROJO DE METAL
2028,1m MUÑECO LED ACRILICO
2029,PUNTA ARBOL LED GOTA AGUA BCO/MDO
2030,FOCO GRANDE BLANCO 50 L
2031,ESFERA C/ESTRE LED BICOLOR 20 L
2032,ESFERA C/ESTRE LED BLANCO 20L 
2033,5 COPOS DE NIEVE LED BCO/AZUL
2034,PAQUETE ESTRELLA LED COLOR 80 L
2035,GUIA RAMA MAGICA ROSA
2036,MANGUERA LED 10 M ROSA
2037,MANGUERA LED 10 M ROJA
2038,FIGURA DE ESTRELLA BLANCA
2039,ESFERA MP3
2040,CASCADA  400 L MORADA 5.50M
2041,LIBRE
2042,LIBRE
2043,LIBRE
2044,CASADA LED 400 L AZUL 8M
2045,MINIFLOR LED MULTICOLOR
2046,CASCADA 300L LED MORADA C/TRANSP 6M
2009,FOCO 7 W
2010,FOCO 18 W
2178,MARIPOSA MINI FIUSHA 5935
2179,MARIPOSA CHICA FIUSHA 4762
2180,MARIPOSA CHICA ROSA 4762
2181,MARIPOSA CHICA PURPURA 4762
2182,PICK R05647 ORO 
2183,PICK R05647 ROJO
2184,MARIPOSA MEDIANA CHOCOLATE 4763
2185,MARIPOSA MEDIANA VERDE 5286
2186,HOJA MAPLE CHOCOLATE 5719
2187,HOJA MAPLE FIUSHA 5719 
2188,FLOR CON PEDRERIA FIUSHA 5152
2189,FLOR CON PEDRERIA MORADO/PLATA 5152
2190,FLOR CON PEDRERIA ROSA 5152
2191,FLOR CON PEDRERIA VERDE 5152
2192,PICK DE FRUTAS ORO 5198-1
2193,PALMA CHICA ORO M10011
2194,PALMA CHICA ROJO M10011
2195,NOCHEBUENA CH DIAMAN FIUSHA 5124
2196,NOCHEBUENA CH DIAMAN MORADO/PLATA 5124
2197,NOCHEBUENA CH DIAMAN UVA 5124
2198,NOCHEBUENA CH TERCIOP LILA 5923
2199,NOCHEBUENA MEDIANA ORO 6641
2200,NOCHEBUENA MEDIANA ROJO/ORO 1800
2201,NOCHEBUENA GRANDE CHOCOLATE F02655-A
2202,NOCHEBUENA GRANDE ROJA/VDE/LINO F02657-A 
2203,FLOR C/PEDRERIA CH MORADO/PLATA A05287
2204,FLOR CON PIÑA VERDE/PURPLE 5732
2205,HOJA AVE 4393
2206,HOJA TIPO PALMA CHICA B10015
2207,MALLA AZUL MARINO P1715
2208,MALLA BEIGE SM04
2209,MALLA BLANCO/PLATA SM17
2210,MALLA AMARILLO MFR83
2211,MALLA MORADO SM-07
2212,MALLA MORADO/ORO SM12-MFR69
2213,MALLA ORO SM33
2214,MALLA PLATA MFR68
2215,MALLA ROJA MF17
2216,MALLA TURQUEZA SM16
2217,MALLA VERDE LIMON MF03
2218,MALLA CHOCOLATE/ORO SM12 
2911,MALLA CORTA AZUL MARINO CSM02
2912,MALLA CORTA BEIGE CSM04
2913,MALLA CORTA BLANCO/PLATA CSM17
2914,MALLA CORTA MORADO CSM07
2915,MALLA CORTA ORO CSM37
2916,MALLA CORTA ROJA CSM13
3224,MALLA CORTA TURQUEZA CSM16
2049,MARIPOSA MINI 5935
2050,MARIPOSA MINI MORADO OSCURO 5935
2051,MARIPOSA MINI ORO 5935
2052,MARIPOSA MINI PLATA 5935
2053,MARIPOSA MINI ROJO 5935
2054,MARIPOSA MINI ROSA 5935
2055,MARIPOSA MINI TURQUEZA 5935
2056,MARIPOSA MINI VERDE 5935
2057,MARIPOSA CHICA 4762
2058,MARIPOSA CHICA AZUL MARINO 4762
2059,MARIPOSA CHICA BLANCA 4762
2060,MARIPOSA CHICA COBRE 4762
2061,MARIPOSA CHICA MORADO OSCURO 4762
2062,MARIPOSA CHICA NEGRO/GRIS 4762 
2063,MARIPOSA CHICA ORO 4762
2064,MARIPOSA CHICA PLATA 4762
2065,MARIPOSA CHICA ROJO 4762
2066,MARIPOSA CHICA TURQUEZA 4762
2067,MARIPOSA CHICA VERDE 4762
2068,MARIPOSA CHICA ORO ROSADO 4762
2069,PICK NOCHEBUENA CH F054771
2070,PICK NOCHEBUENA CH AZUL MARINO F054771
2071,PICK NOCHEBUENA CH BLANCA F054771
2072,PICK NOCHEBUENA CH COBRE F054771
2073,PICK NOCHEBUENA CH MORADO OSCURO F054771
2074,PICK NOCHEBUENA CH ORO F054771 
2075,PICK NOCHEBUENA CH PLATA F054771 
2076,PICK NOCHEBUENA CH ROJO F054771 
2077,PICK NOCHEBUENA CH TURQUEZA F054771 
2078,PICK NOCHEBUENA CH CHAMPANG F054771
2079,FLOR C/PEDRERIA CH A05287
2080,FLOR C/PEDRERIA CH ORO A05287
2081,FLOR C/PEDRERIA CH PLATA A05287
2082,FLOR C/PEDRERIA CH ROJO A05287
3225,PICK NOCHEBUENA CHICA ORO S05090
3226,PICK NOCHEBUENA CHICA ROJO S05090
2934,NOCHEBUENA DL63301 ORO 
2935,NOCHEBUENA DL63301 ROJO
2106,NOCHEBUENA DL64014
2936,NOCHEBUENA DL64014 ORO
2937,NOCHEBUENA DL64014 ROJO
2083,ESTRELLITAS M10009
2084,ESTRELLITAS ORO M10009
2085,ESTRELLITAS PLATA M10009
2086,ESTRELLITAS ROJO M10009
2087,MARIPOSA MEDIANA 4763 - 5286
2088,MARIPOSA MEDIANA AZUL MARINO 4763
2089,MARIPOSA MEDIANA COBRE 5286
2090,MARIPOSA MEDIANA FIUSHA 5286 
2091,MARIPOSA MEDIANA MORADO OSCURO 4763
2092,MARIPOSA MEDIANA MORADO/PLATA 5286 
2093,MARIPOSA MEDIANA NEGRO/GRIS 4763
2094,MARIPOSA MEDIANA ORO 5286-4763
2095,MARIPOSA MEDIANA PLATA 5286
2096,MARIPOSA MEDIANA ROJO 5286-4763
2097,MARIPOSA MEDIANA ROSA 5286
2098,MARIPOSA MEDIANA TURQUEZA 5286 
2099,HOJA MAPLE 5719
2100,HOJA MAPLE AZUL MARINO 5719
2101,HOJA MAPLE COBRE 5719
2102,HOJA MAPLE MORADO OSCURO 5719
2103,HOJA MAPLE ORO 5719
2104,HOJA MAPLE PLATA 5719
2105,HOJA MAPLE ROJO 5719
3248,HOJA MAPLE TURQUEZA 4751
2108,FLOR CON PEDRERIA 5152
2109,FLOR CON PEDRERIA BLANCO 5152 
2110,FLOR CON PEDRERIA COBRE 5152
2111,FLOR CON PEDRERIA MORADO/PURPLE 5152
2112,FLOR CON PEDRERIA ORO 5152
2113,FLOR CON PEDRERIA PLATA 5152
2114,FLOR CON PEDRERIA ROJO 5152
2115,FLOR CON PEDRERIA TURQUEZA 5152
2116,PICK NOCHEBUENA 5210
2117,PICK NOCHEBUENA AZUL MARINO 5210
2118,PICK NOCHEBUENA BLANCO 5210
2119,PICK NOCHEBUENA ORO 5210
2120,PICK NOCHEBUENA PLATA 5210
2121,PICK NOCHEBUENA ROJO 5210
2122,PICK NOCHEBUENA TURQUEZA 5210
2123,RAMA 4852 - 5017
2124,RAMA BLANCO 4852 - 5017 
2131,RAMA COBRE 4852 - 5017
2129,RAMA MORADO/PURPLE 4852 - 5017
2125,RAMA ORO  4852 - 5017 
2126,RAMA PLATA 4852 - 5017
2127,RAMA ROJO  4852 - 5017
2128,RAMA TURQUEZA 4852 - 5017
2130,RAMA VERDE 4852 - 5017 
3227,PICK NOCHEBUENA MO5159
3228,PICK NOCHEBUENA MORADO OSCURO MO5159
3229,PICK NOCHEBUENA ORO MO5159
3230,PICK NOCHEBUENA PLATA MO5159
3231,PICK NOCHEBUENA ROJO MO5159
2132,BERRIES F02376
2133,HELECHO CON PIÑA F10105 
2932,COPOS DE NIEVE ACRILICO R65048
3232,BERRIES NEVADOS S36088
3236,HELECHO R21271
3237,HELECHO AZUL R21271
3238,HELECHO BLANCO R21271
3239,HELECHO MORADO R21271
3249,HELECHO PLATA R21271
3240,HELECHO TURQUEZA R21271
3241,HELECHO VERDE R21271
2134,TAILANDEZA A30016/17-2AT 
2135,BOLSA 6 TAILANDEZA ORO A30016/17-2AT P.P.
2136,BOLSA 6 TAILANDEZA PLATA A30016/17-2AT
2849,BOLSA 6 TAILANDEZA COBRE 
2938,VARA POM POM BLANCO F 78097
3242,COPO CIRCULAR R65025
3243,PAQ DE 6 COPOS CIRCULAR ORO R65025
3244,PAQ DE 6 COPOS CIRCULAR PLATA R65025
3245,PAQ DE 6 COPOS CIRCULAR ROJO R65025
3246,PAQ DE 6 COPOS CIRCULAR TURQUEZA R65025
3247,PAQ DE 6 COPOS CIRCULAR VERDE R65025
2137,RAMITAS F78089
2138,RAMITAS ORO F78089
2139,RAMITAS PLATA F78089
2140,RAMITAS ROJO F78089
2141,RAMITAS COBRE F78089 
2142,NOCHEBUENA CH DIAMANTADA 5124
2143,NOCHEBUENA CH DIAMAN AZUL MARINO 5124
2144,NOCHEBUENA CH DIAMAN BLANCO 5124
2145,NOCHEBUENA CH DIAMAN COBRE 5124
2146,NOCHEBUENA CH DIAMAN MORADO OSCURO 5124
2147,NOCHEBUENA CH DIAMAN NEGRO/GRIS 5124 
2148,NOCHEBUENA CH DIAMAN ORO 5124
2149,NOCHEBUENA CH DIAMAN PLATA 5124
2150,NOCHEBUENA CH DIAMAN ROJO 5124
2151,NOCHEBUENA CH DIAMAN TURQUEZA 5124
2152,NOCHEBUENA CH DIAMAN VERDE 5124 
2153,NOCHEBUENA CH DIAMAN ORO ROSADO 5124
2154,NOCHEBUENA CH TERCIOP 5923
2155,NOCHEBUENA CH TERCIOPELO COBRE 5923
2156,NOCHEBUENA CH TERCIOP MORADO 5923
3254,LIBRE
2157,NOCHEBUENA CH TERCIOP ORO 5923
2158,NOCHEBUENA CH TERCIOP PLATA 5923
2159,NOCHEBUENA CH TERCIOP ROJO 5923
2160,LIBRE
2939,VARA ESPIGA BLANCO M66171
2161,NOCHEBUENA MEDIANA 5204
2162,NOCHEBUENA MEDIANA COBRE  5204
2163,NOCHEBUENA MEDIANA MORADO OSCURO  5204 
2164,NOCHEBUENA MEDIANA PLATA  5204
2165,NOCHEBUENA GRANDE
2166,NOCHEBUENA GRANDE BEIGE C00031 
2167,NOCHEBUENA GRANDE ROJA M01001-A
2933,NOCHEBUENA GRANDE VINO 
2168,REGALITOS ORO A05093
2169,REGALITOS PLATA  A05093
2170,REGALITOS ROJO  A05093
2171,PAJARITOS ORO A05014
2172,PAJARITOS PLATA A05014
2173,PAJARITOS ROJO A05014
2174,NOCHEBUENA A05010 PLATA 
2175,2 MARIPOSAS ORO C05211
2176,MARIPOSA CON FOLLAJE ORO A05046
2177,MARIPOSA PLANA MORADO 5023
2107,HOJA W4752 ROJO
3233,3 MARIPOSAS ORO CO5219
3234,AMARANTO BLANCO
3235,AMARANTO ORO
2219,PAQ DE 6 COPOS
2220,PAQ DE 6 COPOS FIUSHA 
2221,PAQ DE 6 COPOS MORADO 
2222,PAQ DE 6 COPOS NACARADO
2223,PAQ DE 6 COPOS ORO
2224,PAQ DE 6 COPOS PLATA
2225,PAQ DE 6 COPOS ROJO 
2226,PALETA FOMI
2227,PALETA FOMI AZUL
2228,PALETA FOMI MORADO
2229,PALETA FOMI ORO
2230,PALETA FOMI ROJO
2231,PALETA FOMI ROSA
2232,PALETA FOMI TURQUEZA
2233,PALETA FOMI VERDE
2234,PALETA ESPUMA AMARILLA
2235,PALETA ESPUMA MORADA
2236,PALETA ESPUMA ROJA
2237,GALLETAS
2238,PASTEL CHOCOLATE
2239,CCAKE
2240,PIÑAS ESCARCHADA
2241,PIÑAS NATURAL
2242,PIÑAS ORO
2243,PIÑAS PLATA
2244,REGALITO GDE
2245,REGALITO GDE AZUL MARINO
2246,REGALITO GDE COBRE
2247,REGALITO GDE FIUSHA 
2248,REGALITO GDE MORADO
2249,REGALITO GDE ORO
2250,REGALITO GDE PLATA
2251,REGALITO GDE ROJO
2252,REGALITO GDE TURQUEZA
2253,REGALITO GDE VERDE 
2254,REGALITO GDE DECORADO
2255,REGALITO MINI
2256,REGALITO MINI AZUL MARINO
2257,REGALITO MINI COBRE
2258,REGALITO MINI MORADO
2259,REGALITO MINI ORO
2260,REGALITO MINI PLATA 
2261,REGALITO MINI ROJO
2262,REGALITO MINI TURQUEZA
2263,REGALITO MINI DECORADO
2264,MOÑO ARROZ AMARILLO
2265,MOÑO ARROZ BLANCO 
2266,MOÑO ARROZ BCO/COLOR 
2267,MOÑO ARROZ ROSA
2268,MOÑO LED AZUL
2269,MOÑO LED BLANCO
2270,MOÑO LED MORADO
2271,MOÑO LED ROJO
2272,MOÑO LED ROSA
2273,MOÑO LED ORGANZA BCO 
2274,MOÑO LISTON P/ARBOL AZUL
2275,MOÑO LISTON P/ARBOL MORADO 
2276,MOÑO LISTON P/ARBOL MORADO/ORO 
2277,MOÑO LISTON P/ARBOL ORO
2278,MOÑO LISTON P/ARBOL PLATA
2279,MOÑO LISTON P/ARBOL PLATA/A. REY 
2280,MOÑO LISTON P/ARBOL ROJO/BLANCO
2281,MOÑO LISTON P/ARBOL ROJO/ORO
2282,MOÑO LISTON P/ARBOL ROJO/PLATA
2283,MOÑO LISTON P/ARBOL TURQUEZA 
2284,6 MOÑOS / LISTON ULTIMAS PIEZAS 
2285,6 MOÑOS / LISTON AZUL REY
2286,6 MOÑOS / LISTON BLANCO 
2287,6 MOÑOS / LISTON CHOCOLATE 
2288,6 MOÑOS / LISTON COBRE
2289,6 MOÑOS / LISTON MORADO 
2290,6 MOÑOS / LISTON ORO 
2291,6 MOÑOS / LISTON PLATA DIAMANTADO 
2292,6 MOÑOS / LISTON PLATA ORGANZA
2293,6 MOÑOS / LISTON ROJO
2294,6 MOÑOS / LISTON ROJO/ORO 
2295,6 MOÑOS / LISTON ROJO/BLANCO
2296,6 MOÑOS / LISTON TURQUEZA 
2297,6 MOÑOS / LISTON VERDE 
2298,MOÑOS DE LISTON CHICOS
2940,METRO LISTON AZUL REY ORGANZA  B1824-09
2299,METRO LISTON BLANCO METALICO E5401-29 
2300,METRO LISTON BLANCO ORGANZA ANCHO 9005-02
2301,METRO LISTON CHOCOLATE P86023-19 
2941,METRO LISTON CHOCOLATE ORGANZA 6-6807-27 
2302,METRO LISTON COBRE BROQUELADO C2902-19
2303,METRO LISTON COBRE DIAMANTADO B1101-19 
2304,METRO LISTON COBRE ORGANZA B1824-19 
2305,METRO LISTON COBRE/ORO C2142-04
2306,METRO LISTON MORADO C303517
2307,METRO LISTON MORADO ORGANZA ANCHO 9005-17
2308,METRO LISTON ORO/BEIGE G7241-03
2309,METRO LISTON ORO ANCHO 9005-04
2310,METRO LISTON ORO ORGANZA B1824-04
2311,METRO LISTON ORO ROSADO E5346-03
2312,METRO LISTON PLATA METALICO C2807-05
2313,METRO LISTON PLATA G7192-02 
2942,METRO LISTON PLATA ORGANZA C-3035-02 
2943,METRO LISTON PLATA/CHAMPAGNE D 4340-35 
2314,METRO LISTON ROJO ANCHO 9005-06
2315,METRO LISTON ROJO G7258-06
2316,METRO LISTON ROJO/BLANCO H8151-02-A
2317,METRO LISTON ROJO ORGANZA B1824-06
2318,METRO LISTON ROJO/ORO P8-6018-44 
2319,METRO LISTON TURQUEZA BROQUELADO C2902-10
2320,METRO LISTON TURQUEZA ORGANZA A0711-10
2321,METRO LISTON VERDE MANZANA METALICO E5401-16
2322,METRO LISTON ULTIMAS PIEZAS
2323,LISTON DE OFERTA ROJO/DORADO
2324,LISTON DE OFERTA ROJO/VERDE
2917,ROLLO 50 M LISTON AZUL REY ORGANZA  B1824-09
2918,ROLLO 50 M LISTON BLANCO METALICO E5401-29
2919,ROLLO 50 M LISTON CHOCOLATE P86023-19
2920,ROLLO 50 M LISTON CHOCOLATE ORGANZA 6-6807-27
2921,ROLLO 50 M LISTON COBRE DIAMANTADO B1101-19
2922,ROLLO 50 M LISTON COBRE ORGANZA B1824-19
2923,ROLLO 50 M LISTON MORADO C303517
2924,ROLLO 50 M LISTON ORO ORGANZA B1824-04
2925,ROLLO 50 M LISTON PLATA G7192-02
2926,ROLLO 50 M LISTON PLATA ORGANZA C-3035-02
2927,ROLLO 50 M LISTON PLATA/CHAMPAGNE D 4340-35
2928,ROLLO 50 M LISTON ROJO ANCHO 9005-06
2929,ROLLO 50 M LISTON ROJO/BLANCO H8151-02-A
2930,ROLLO 50 M LISTON ROJO ORGANZA B1824-06
2931,ROLLO 50 M LISTON ROJO/ORO P8-6018-44 
3024,ROLLO CHICO 10M LISTON ORO
3025,ROLLO CHICO 10M LISTON ROJO
3026,ROLLO CHICO 10M LISTON PLATA
3027,ROLLO CHICO 10M LISTON AZUL REY
3028,ROLLO CHICO 10M LISTON MORADO
3029,ROLLO CHICO 10M LISTON FIUSHA 
2325,METRO DE FESTON AZUL
2326,METRO DE FESTON BLANCO
2327,METRO DE FESTON MORADO
2328,METRO DE FESTON ORO
2329,METRO DE FESTON PLATA
2330,METRO DE FESTON ROJO
2331,METRO DE FESTON ROSA 
2332,METRO DE BOA NEVADO
2333,METRO DE BOA VERDE
2334,METRO GUIRNALDA BLANCA
2335,CORONA 40 CM VERDE
2336,CORONA 40 CM BLANCA
2337,CORONA 60 CM BLANCA
2338,CORONA 60 CM VERDE
2944,METRO GUIA DOBLE VERDE
2348,CORONA CH BCA AZUL/PLATA
2349,CORONA CH BCA PASTEL
2350,CORONA CH BCA TURQUEZA/MOR
2351,CORONA CH BCA ROJO/ORO/COB
2352,CORONA CH BCA ORO/ROJO
2353,CORONA CH VDE AZUL/PLATA
2354,CORONA CH VDE PASTEL
2355,CORONA CH VDE TURQUEZA/MOR/VDE
2356,CORONA CH VDE ROJO/BLANCO
2357,CORONA CH VDE ORO/ROJO
2358,CORONA GDE BCA AZUL/PLATA
2359,CORONA GDE BCA PASTEL
2360,CORONA GDE BCA COBRE/BCO
2361,CORONA GDE BCA TURQUEZA/MOR/VDE
2362,CORONA GDE BCA ORO/ROJO
2363,CORONA GDE BCA ORO/BEIGE
2364,CORONA GDE BCA CHOCOLATE
2365,CORONA GDE VDE AZUL/PLATA
2366,CORONA GDE VDE PASTEL
2367,CORONA GDE VDE COBRE/BLANCO
2368,CORONA GDE VDE TURQUEZA/MOR/VDE
2369,CORONA GDE VDE ROJO/BLANCO
2370,CORONA GDE VDE ORO/ROJO
2371,CORONA GDE VDE ORO/BEIGE
2372,CORONA GDE VDE CHOCOLATE
2373,CORONA GDE ULTIMAS PIEZAS
2374,AAAAAAAA
2375,BBBBBBB
2339,ROLLO 20m  FESTON AZUL
2340,ROLLO 20m FESTON BLANCO
2341,ROLLO 20m FESTON MORADO
2342,ROLLO 20m FESTON ORO
2343,ROLLO 20m FESTON PLATA
2344,ROLLO 20m FESTON ROJO
2345,ROLLO 20m FESTON ROSA
2346,ROLLO 10m BOA NEVADO
2347,ROLLO 10m BOA VERDE
2945,ROLLO 20M BOA NEVADO
3052,ROLLO 20M BOA VERDE
2436,ESFERA N 10 AZUL TURQUEZA LACA
2437,ESFERA N 10 BLANCO DIAMANTADO
2438,ESFERA N 10 BLANCO LACA 
2439,ESFERA N 10 MORADO BRILLANTE
2440,ESFERA N 10 MORADO DIAMANTADO
2441,ESFERA N 10 ORO DIAMANTADO
2442,ESFERA N 10 PLATA BRILLANTE
2443,ESFERA N 10 ROJO DIAMANTADO
2808,BOTE N 10/ 20 PZAS 100DLD-20AAA
3007,BOTE N 10 ROJO 16 PZAS TS-100S-1R
2807,BOTE N 10 ORO 20 PZAS 100DLD-20D
2806,BOTE N 10 ROJO/ORO 20 PZAS 100DLD-20RJD
2444,ESFERA N 12 ORO DIAMANTADO 
2376,ESFERA N 3 AZUL MARINO 
2377,ESFERA N 3 MORADO 
2378,ESFERA N 3 ORO 
2379,ESFERA N 3 PLATA 
2380,ESFERA N 3 ROJO 
2773,BOTE N 6/35 PZAS 60LDM-35ORO
2774,BOTE N 4 ORO 35 PZAS 40LDM-35D
2775,BOTE N 4 PLATA 35 PZAS 40DLC-35P
2776,BOTE N 4 ROJO/ORO 35 PZAS 40DLC-35RJD
3062,BOTE N 4/ 35 PZAS TS-40DIA-35AC
3063,BOTE N 4/ 35 PZAS TS-40DIA-35P
3064,BOTE N 5/30 PZAS TS-50A-RAYA-30D
3065,BOTE N 5/35 PZAS TS-50EDD-35AAA
3066,BOTE N 5/35 PZAS TS-50MDD-35RJ 
2381,ESFERA N 6 AZUL BRILLANTE
2382,ESFERA N 6 AZUL LACA
2383,ESFERA N 6 AZUL TURQUEZA DIAMANTADO 
2384,ESFERA N 6 BLANCO DIAMANTADO
2385,ESFERA N 6 COBRE DIAMANTADO 
2386,ESFERA N 6 LILA LACA 
2387,ESFERA N 6 MORADO BRILLANTE
2388,ESFERA N 6 ORO BRILLANTE 
2389,ESFERA N 6 ORO DIAMANTADO
2390,ESFERA N 6 PLATA BRILLANTE 
2391,ESFERA N 6 PLATA DIAMANTADA 
2392,ESFERA N 6 ROJO DIAMANTADO
2445,BOTE N 6 ORO 35 PZAS 60SDD-35D
2446,BOTE N 6 PLATA 35 PZAS 60SDD-35P
2447,BOTE N 6 ROJO/ORO 35 PZAS 60DLCG-35RJD
2448,TUBO N 6 AZUL/PLATA
2449,TUBO N 6 MORADO
2450,TUBO N 6 ORO
2451,TUBO N 6 ORO/CAFEE
2452,TUBO N 6 PLATA
2453,TUBO N 6 ROJO/ORO
2454,TUBO N 6 ROSA
2455,TUBO N 6 VARIOS COLORES
2456,TUBO N 6 ROSA/AZUL
2457,TUBO N 6 TURQUEZA
2458,ESFERA N 6 VERDE MANZANA DIAMANTADA
2777,BOTE N 6/ 30 PZAS 60SDD-30AAA
2778,BOTE N 6 TURQUEZA 35 PZAS 60DLCG-35AC
2779,BOTE N 6/ 30 PZAS 60SDD-30FFF
2780,BOTE N 6 ORO 35 PZAS 60DLCG-35D
2781,BOTE N 6 PLATA 35 PZAS 60DLCG-35P
2782,BOTE N 6 ROJO 35 PZAS 60DLCG-35RJ
2783,BOTE N 6 ROJO/ORO 30 PZAS 60SDD-30RJD
2784,BOTE N 6/ 35 PZAS 60DLCG-35FFF
3067,BOTE N 6/35 PZAS TS-60DLCG-35M
3068,BOTE N 6/30 PZAS TS-60LDD-30AAA
3069,BOTE N 6/35 PZAS TS-60LDM-35P
3070,BOTE N 6/30 PZAS TS-60NDD-30RJD
3071,BOTE N 6/35 PZAS TS-60TDD-35FFF
3072,BOTE N 6/35 PZAS TS-60TDD-35CCC
3084,BOTE N 6/30 PZAS TS-60LDD-30D
3085,BOTE N 6/35 PZAS TS-60TDD-35RJD
2393,ESFERA N 7 AZUL BRILLANTE
2394,ESFERA N 7 AZUL DIAMANTADO
2395,ESFERA N 7 AZUL TURQUEZA LACA
2396,ESFERA N 7 AZUL TURQUEZA DIAMANTADO
2397,ESFERA N 7 BLANCO LACA
2398,ESFERA N 7 COBRE DIAMANTADO 
2399,ESFERA N 7 FIUSHA MATE
2400,ESFERA N 7 LILA LACA
2401,ESFERA N 7 MORADO BRILLANTE 
2402,ESFERA N 7 MORADO DIAMANTADO 
2403,ESFERA N 7 MORADO MATE
2404,ESFERA N 7 ORO BRILLANTE 
2405,ESFERA N 7 ORO DIAMANTADO 
2406,ESFERA N 7 PLATA BRILLANTE 
2407,ESFERA N 7 PLATA DIAMANTADA 
2408,ESFERA N 7 ROJO BRILLANTE 
2409,ESFERA N 7 ROJO DIAMANTADO 
2410,ESFERA N 7 VERDE LIMON DIAMANTADO 
2411,ESFERA N 7 DEC VDE/ORO70S12-900 
2412,ESFERA N 7 VERDE MANZANA DIAMANTADO
2459,BOTE N 7 AZUL/PLATA 35 PZAS
2460,BOTE N 7 MORADO 35 PZAS 70LDD-35M 
2461,BOTE N 7 ORO 35 PZAS 70SDD-35D 
2462,BOTE N 7 PLATA 35 PZAS 70LDC-35P
2463,BOTE N 7 ROJA 35 PZAS 70LDC-35RJ
2464,BOTE N 7 ROJO/ORO 35 PZAS 70LDD-35RJD
2465,BOTE N 7 TURQUEZA 35 PZAS 70SDD-35AA 
2466,BOTE N 7 TURQUEZA/PLATA 35 PZAS
2467,BOTE N 7 VERDE 35 PZAS
2785,BOTE N 7/ 35PZAS 70LDM-35CCC
2786,BOTE N 7/ 35 PZAS 70LDM-35COB
2787,BOTE N 7 AZUL/PLATA 35 PZAS 70LDM-35 
2788,BOTE N 7 ORO 30 PZAS 70DLCG-30D
2789,BOTE N 7 ROJO/ORO 30 PZAS 70LCG-30RJD
2790,BOTE N 7 PLATA 30PZAS 70DLCG-30P
2791,BOTE N 7 ROJO 30 PZAS 70DLCG-30RJ
2792,BOTE N 7 FELIZ 30 PZAS 
2793,BOTE N 7 NIEVE 30 PZAS 70NIEVE-30B 
3005,BOTE N 7 ORO 40 PZS TS-1770S-1O
3073,BOTE N 7/ 35 PZAS TS-70LDM-35RJ
3074,BOTE N 7/ 50 PZAS TS-70S-3AC
3075,BOTE N 7/ 50 PZAS TS-70S-3M
3076,BOTE N 7/ 50 PZAS TS-70S-3O
3077,BOTE N 7/ 50 PZAS TS-75S-1O
2413,ESFERA N 8 AZUL BRILLANTE 
2414,ESFERA N 8 AZUL DIAMANTADO 
2415,ESFERA N 8 AZUL TURQUEZA DIAMANTADO 
2416,ESFERA N 8 BLANCO DIAMANTADO 
2417,ESFERA N 8 BLANCO LACA
2418,ESFERA N 8 COBRE BRILLANTE
2419,ESFERA N 8 COBRE DIAMANTADO
2420,ESFERA N 8 COBRE MATE
2421,ESFERA N 8 FIUSHA BRILLANTE
2422,ESFERA N 8 DEC FIUSHA
2423,ESFERA N 8 LILA LACA
2424,ESFERA N 8 MORADO BRILLANTE
2425,ESFERA N 8 MORADO DIAMANTADO
2426,ESFERA N 8 ORO BRILLANTE
2427,ESFERA N 8 ORO DIAMANTADO
2428,ESFERA N 8 PLATA BRILLANTE
2429,ESFERA N 8 PLATA DIAMANTADO
2430,ESFERA N 8 ROJO BRILLANTE
2431,ESFERA N 8 ROJO DIAMANTADA
2432,ESFERA N 8 VERDE LIMON DIAMANTADO 
2433,ESFERA N 8 VERDE MANZANA DIAMANTADO
2434,ESFERA N 8 DEC VERDE 80UVV12-901 
2435,ESFERA N 8 NARANJA DIAMANTADO 
3210,ESFERA DECORADA ROJA C/14
3211,ESFERA DECORADA BLANCA C/14
2468,BOTE N 8 AZUL/PLATA 40 PZAS 
2469,BOTE N 8 TURQUEZA/PLATA 40 PZAS
2470,BOTE N 8 CAFE 40 PZAS
2471,BOTE N 8 CAFE/COBRE 40 PZAS
2472,BOTE N 8 ORO/COBRE 40 PZAS
2473,BOTE N 8 MORADA 40 PZAS 80DLCG-40M
2474,BOTE N 8 ORO 40 PZAS  TS-80S-3O
2475,BOTE N 8 PLATA 40 PZAS 80DLCG-40P 
2476,BOTE N 8 ROJO/ORO 48 PZAS 80FCN-48RJD
2794,BOTE N 8 PLATA 24 PZAS 80SDD-24P 
2795,BOTE N 8/ 40 PZAS 80DLCG-40CCC
2796,BOTE N 8 ROJO/ORO 40 PZAS 80DLCG-40RJD
2797,BOTE N 8/ 40 PZAS 80DLCG-40FFF
2798,BOTE N 8 AZUL/PLATA 48 PZAS 80FCN-48PAA
2799,BOTE N 8 AZUL 48 PZAS 80FCN-48AF
2800,BOTE N 8/ 48 PZAS 80FCN-48CCC
2801,BOTE N 8 ORO 48 PZAS 80FCN-48D
2802,BOTE N 8 PLATA 48 PZAS 80FCN-48P
2803,BOTE N 8/48 PZAS 80FCN-48AAA
2804,BOTE N 8 ROJO 48 PZAS 80 FCN-48RJ
3006,BOTE N 8 ROJO 40 PZAS TS-80S-3R
2805,BOTE N 8 VARIOS 48 PZAS 80FCN-48FVA
2477,ARBOL MONARCA 60CM COLORES
2809,ARBOL CEPILLO ZG 90CM VERDE
2478,ARBOL 120 Z VERDE
2479,ARBOL 120 ZB BLANCO
2480,ARBOL ZG 150 HZ VERDE
2481,ARBOL ZG 150 ZB BLANCO
2482,ARBOL REAL Z 150 VERDE 
2483,ARBOL REAL Z 150 BLANCO 
2484,ARBOL ZG 150 ZSB
2810,ARBOL ZG 150 A VERDE 
2811,ARBOL ZG 180 HD/HSHD VERDE
2812,ARBOL ZG 180 N NEGRO
2485,ARBOL ZG 180 HZ VDE
2486,ARBOL ZG 180 ZB BCO
2487,ARBOL REAL Z 180 VERDE 
2488,ARBOL ZG 180 ZSB BLANCO
2813,ARBOL ZG 180 A VERDE
2489,ARBOL NEVADO 1.80
2490,ARBOL ZG 180 BLANCO AMECAMECA
2491,ARBOL AUSTRO 1.90
2492,ARBOL MONARCA DE LUJO 1.90 ROSA
2493,ARBOL NAVIPLASTIC VDE ESPECIAL 1.90
2494,ARBOL ROYAL CANADA BLANCO 1.90
2495,ARBOL ZG 210 HZ VERDE
2496,ARBOL ZG 210 ZSB BLANCO 
2497,ARBOL ZG 210 ZB BLANCO
2814,ARBOL ZG 210 HD/HSHD VERDE
2498,ARBOL REAL Z 210 BLANCO 
2499,ARBOL DE CEPILLO COMBINADO 2.1
2815,ARBOL ZG 210 A VERDE
2816,ARBOL ZG 210 AB BLANCO AMECAMECA 
2500,ARBOL AUSTRO 2.20
2501,ARBOL MONARCA DE LUJO 2.20 ROSA
2502,ARBOL ROYAL CANADA BLANCO 2.20
2817,ARBOL ZG 240 ZB BCO 
2503,METRO GUIA DOBLE VERDE-DD
2818,CORONA 60 CM VERDE-DD
2504,INFLABLE 1.20m PINGÜINO
2505,INFLABLE OSO CON PINGÜINO PESCANDO
2506,INFLABLE SANTA CON REGALO GIRATORIO
2507,INFLABLE 2.40m OSO POLAR CON PINGÜINOS JL96084
2508,INFLABLE 1.20m ESFERA CON TRINEO
2509,INFLABLE 1.80m OSO CON PINGÜINOS 
2510,INFLABLE SANTA EN CUATRIMOTO 
2511,INFLABLE 1.50m TRINEO RENOS PARADOS JL96045
2512,INFLABLE 0.60m ESFERA CON OSOS JL96095
2513,INFLABLE 1.80 NACIMIENTO MEDIANO C/BORREGO
2514,INFLABLE OSO CABEZON 
2515,INFLABLE OSO CON PINGÜINO SUBE/BAJA
2516,INFLABLE TRINEO RENOS ECHADOS
2517,INFLABLE 2.40m SANTA CON FAROL 
2518,INFLABLE MUÑECO DE NIEVE GIGANTE 4M JL96141
2519,INFLABLE 2.40 NACIMIENTO GRANDE JL96055
2520,INFLABLE 2.10 CARUSEL JL96060
2521,INFLABLE SANTA CON CHIMENEA Y LUNA 2.10
2522,INFLABLE SANTA EN MOTO DE LED 
2523,INFLABLE SANTA CON TRINEO Y PERROS 1.50
2524,INFLABLE 2.40m MUÑECO DE NIEVE CARAMELO
2525,INFLABLE SANTA CON IGLU
2526,INFLABLE MUÑECO DE NIEVE MOVIMIENTO 
2527,INFLABLE 2.40m MUÑECO DE NIEVE 
2528,INFLABLE SANTA EN HELICOPTERO
2529,INFLABLE SANTA EN AVION
2530,INFLABLE ESFERA SANTA Y PINO
2531,INFLABLE 1.50m ESFERA TRINEO CON BASE JL96035
2532,INFLABLE 1.80m PINO DE ESFERA
2533,INFLABLE 1.20m OSO CON SANTA JL96096
2534,INFLABLE OSO CON TRINEO
2535,INFLABLE 1.50m TRINEO VOLANDO JL96101
2819,INFLABLE 1.80m CARRUSEL ANCHO JL96080
2820,INFLABLE 1.80m MUÑECO C/ PERRITO PIPI JL96108
2821,INFLABLE 1.50m TREN C/SANTA  JL96075
2822,INFLABLE 1.80m ESFERA C/MUÑECO ARRIBA JL96083
2823,INFLABLE 1.90m CAMPANARIO JL96115
2824,INFLABLE 1.80m OSO PINGÜINOS C/ESFERA JL96119
2825,INFLABLE 1.50m SANTA Y MUÑECO EN SUBE/BAJA JL96122
2826,INFLABLE 2.40m DE SANTA POSTESITO
2827,INFLABLE 2.10M MUÑECO DE NIEVE C/PINGÜINOS JL96130
2828,INFLABLE 1.20m PINGÜINO CHALECO JL96133
2829,INFLABLE 1.80m OSO CON OSITO JL96136
2830,INFLABLE 1.50m SANTA EN MOTO C/PERRITO
2949,INFLABLE 2.40M MUÑECO QUE TIEMBLA JL96077
2950,INFLABLE 1.80M PINGÜINOS TEMBLANDO JL96107
2951,INFLABLE 1.20M NUÑECO TEMBLANDO
2952,INFLABLE 1.80M SANTA SENTADO EN CHIMENEA
2953,INFLABLE 1.50M TRINEO RENOS CON GORRA
3003,INFLABLE 2.40M OSO CAFEE
3051,INFLABLE DE ARBOL GIRATORIO  JL96050
3057,INFLABLE 1.50M ESFERA MUÑECO
3083,INFLABLE SANTA EN CONFESIONARIO
3134,INFLABLE 0.60M ESFERA RENO Y SANTA ML9056
3135,INFLABLE 1.80M HELICOPTERO ML9102
3136,INFLABLE 0.80M OSO C/ESFERA ML9121
3137,INFLABLE 0.80M MUÑECO ML9122
3138,INFLABLE 0.80M MUÑECO FELIZ NAVIDAD ML9125
3139,INFLABLE 0.80M SANTA ML9126
3265,INFLABLE SANTA CLAUS GIGANTE 4M JL96140
3266,INFLABLE ARBOL Y MUÑECO DE NIEVE GIGANTE 4M JL96138
3267,INFLABLE 2.40M SANTA CON LETRERO Y REGALOS JL96139
3268,INFLABLE 2.40M MUÑECO CON LETRERO Y REGALO JL96145
2536,VENADO LED 150 L -DD
2537,VENADO MANGUERA CHICO JL5070 -DD
2538,VENADO MANGUERA FIJO-DD
2539,CAMPANA DE METAL -DD
2540,MOÑO DE METAL -DD
2541,COMETA DE METAL -DD
2542,VENADO 70 CM METAL PLATA
2543,VENADO DE METAL 1.20m -DD
2544,VENADO DE TERCIOPELO 0.70m -DD
2545,VENADO DE TERCIOPELO 1.20m -DD
2546,ANGEL DE METAL -DD
2547,FIGURA DE REGALO METAL -DD
2548,PICO DE METAL -DD
2549,ESFERA DE METAL -DD
2971,ARBOL GOTA DE AGUA AZUL 128 L -DD
2972,ARBOL GOTA DE AGUA BICOLOR 128 L -DD
2973,ARBOL GOTA DE AGUA BLANCA 128 L -DD
2954,FAROL TERCIOPELO 120 L JL2128 -DD
2955,FAROL DE METAL JL2124 -DD
2956,LUCERO DE METAL ORO 80 L -DD
2957,ANGEL DE METAL 100 L -DD
2958,PINO GRANDE JL2169 -DD
2959,LUCERO METAL DETALLES ROJ/VDE 80 L -DD
2960,FIGURA TRES VELAS JL2183 -DD
2961,RENO 60 L OJUELA JL2135 -DD
2962,PINO 60 L CHICO JL2167 -DD
2963,RENO METAL CHICO 60 L JL2170 -DD
2964,RENO METAL MEDIANO 80 L JL2171 -DD
2965,RENO METAL GRANDE 100 L JL2172 -DD
2966,TRES ESTRELLAS 90 L JL2174 -DD
2967,TRINEO METAL GRANDE 120 L JL2175 -DD
2968,RENO MADERA JL2184 -DD
2969,ESTRELLA MADERA JL2189 -DD
2970,MOÑO MADERA JL2192 -DD
2974,ESTRELLA MADERA JL2193 -DD
2975,TRES ESTRELLAS CHICAS JL2203 -DD
2976,LUNA CON ESTRELLA JL2134 -DD
2977,TRINEO CHICO 80 L JL2201 -DD
2985,LUCERO DE METAL PLATA 80 L -DD
3041,PIÑATA MEDIANA-DD
3042,PIÑATA JUMBO-DD
3043,ESTRELLA DE FIBRA CHICA-DD
3044,ESTRELLA DE FIBRA GRANDE-DD
2550,PIE DE ARBOL AZUL ELECTRICO / MUÑECO OVEROL
2551,PIE DE ARBOL AZUL CIELO / REY MUN NIEVE
2552,PIE DE ARBOL BLANCO C/SANTA UVA 
2831,PIE DE ARBOL PETALOS AZUL/BCO SANTA PIJAMA 
2553,PIE DE ARBOL BCO/AZUL SANTA PIJAMA AZUL
2554,PIE DE ARBOL BCO/UVA SANTA COSTAL 
2555,PIE DE ARBOL COCOA / RENO OVEROL
2832,PIE DE ARBOL BEIGE CON MUÑECOS DE NIEVE
2556,PIE DE ARBOL GUINDA / SANTA PANZON 
2833,PIE DE ARBOL ONDAS GUINDA C/VARIAS FIGURITAS
2834,PIE DE ARBOL PETALOS MOR/BCO AMIGOS
2557,PIE DE ARBOL DUENDES SENTADOS PATITAS
2558,PIE DE ARBOL VERDE LIMON / MUÑECO DE CHALECO 
2559,PIE DE ARBOL VERDE / CASITA
2978,PIE DE ARBOL TRENECITO
3261,PIE DE ARBOL VERDE DUENDE 
2840,PIE DE ARBOL CORONA VERDE Y MOÑO ROJO ESTAMPADO
2836,PIE DE ARBOL BEIGE ESTAMPADO 
2841,PIE DE ARBOL VERDE SANTA ESTAMPADO 
2835,PIE DE ARBOL AZUL ESTAMPADO 
2838,PIE DE ARBOL REGALOS Y NOCHEBUENAS ESTAMPADO
2837,PIE DE ARBOL ESTAMPADO CON ARBOLES
2839,PIE DE ARBOL GUINDA ESTAMPADO 
2560,PIE DE ARBOL OFERTA 
2561,JUEGO DE BAÑO AZUL /  MUÑECO DE NIEVE PATITAS 
2562,JUEGO DE BAÑO BLANCO /  RENO PATITAS
2563,JUEGO DE BAÑO COCOA / SANTA BARBON ORO
2564,JUEGO DE BAÑO MORADO / ALCE 
2565,JUEGO DE BAÑO MANTA / SANTA
2566,JUEGO DE BAÑO ROJO/SANTA DOBLE VISTA
2567,JUEGO DE BAÑO OFERTA
2568,GORRO ROJO
2569,GORRO UVA 
2570,DULCERA DUENDE
2571,DULCERA DUENDECITA
2572,DULCERA SANTA
2842,CARITA SANTA ORO
2573,RENO OVEROL ROJO
2574,CARITA SANTA PLATA
2575,COLGANTE SANTA PIERNAS DE BOLITAS
2576,COLGANTE RENO PIERNAS DE BOLITAS
2843,COLGANTE MUÑECO PIERNAS DE BOLITAS
2577,CAMINO DE MESA SANTA
2844,OSITO JUNIOR AZUL /PLATA
2845,OSITO JUNIOR BEIGE
2846,OSITO JUNIOR PASTEL
2847,OSITA BAILARINA / PLATA
2848,OSITA BAILARINA / ORO
2578,SANTA PIJAMA ROJA
2579,SANTA PIJAMA ROSA 
2580,SANTA GIGANTE ROJO
2581,SRA CLAUS GIGANTE ROJO
2582,COLGANTE DE RENO 
2583,COLGANTE DE TRINEO 
2584,NACIMIENTO CHICO AZUL
2585,NACIMIENTO CHICO MORADO
2586,NACIMIENTO CHICO ORO
2587,NACIMIENTO CHICO ROJO
2588,NACIMIENTO CHICO ROSA
2980,NACIMIENTO CHICO COLORES
2589,NACIMIENTO MINI COLOR
2590,NACIMIENTO CABEZON ORO
2591,NACIMIENTO CABEZON ROJO
2592,NACIMIENTO DE RESINA 
3154,NACIMIENTO TRADICIONAL ORO
3155,NACIMIENTO TRADICIONAL ROJO
2593,NACIMIENTO GRANDE AZUL
2594,NACIMIENTO GRANDE MORADO
2595,NACIMIENTO GRANDE ORO
2596,NACIMIENTO GRANDE ROJO 
3212,VILLA NAVIDEÑA C/ARBOL TRANSPARENTE
3213,VILLA NAVIDEÑA CON SANTA CLAUS
2597,PORTAL CHICO
2598,PORTAL GRANDE
2599,OSO NAVIDEÑO PLASTICO
2600,SANTA NIÑO PLASTICO
2601,RENO CON CHALECO PLASTICO
2602,VENADO LED ACRILICO BLANCO 70CM 200L
2603,SANTA CON MUÑECO LED ACRILICO 38CM 88L
2605,CUADRO SANTA
2606,CUADRO MUÑECO DE NIEVE 
2607,COJIN SANTA 
2608,COJIN MUÑECO 
2609,COJIN RENO
2610,PATAS LARGAS SANTA CUADROS 
2611,PATAS LARGAS MUÑECO CUADROS 
2612,PATAS LARGAS RENO CUADROS
2613,PATAS LARGAS SANTA CAFE/ROJO 
2614,PATAS LARGAS MUÑECO CAFE/ROJO
2615,PATAS LARGAS RENO CAFE/ROJO
2616,PATAS CORTAS SANTA VERDE/ROJO
2617,PATAS CORTAS MUÑECO VERDE/ROJO 
2618,PATAS CORTAS RENO VERDE/ROJO 
2619,PIEZA MUÑECO PELUCHE ORO
2620,PIEZA MUÑECO PELUCHE PLATA
2621,PIEZA MUÑECO PELUCHE ROJO
2622,CAJA 12 MUÑECOS PELUCHE ORO
2623,CAJA 12 MUÑECOS PELUCHE PLATA
2624,CAJA 12 MUÑECOS PELUCHE ROJO
2654,50cm ACRILICO MUÑECO DE NIEVE 
2655,42cm ACRILICO VENADO 
2656,LIBRE
2604,CORONA FELIZ NAVIDAD SANTA
2850,CORONA FELIZ NAVIDAD MUÑECO
2851,CORONA FELIZ NAVIDAD RENO
2852,PATAS LARGAS SANTA ROJ/VDE 
2853,PATAS LARGAS MUÑECO ROJ/VDE 
2854,PATAS LARGAS RENO ROJ/VDE 
2855,SANTA C/COSTAL
2856,MUÑECO C/COSTAL
2857,RENO C/COSTAL
2858,SANTA ESPIRAL
2859,MUÑECO ESPIRAL
2860,RENO ESPIRAL
2861,CORONA SANTA GORDO
2862,CORONA CHICA SANTA 
2863,CORONA CHICA MUÑECO
2864,CORONA CHICA RENO 
2865,CUADRO RENO
2866,RELOJ ROJO SANTA Y MUÑECO
2867,RELOJ ROJO MUÑECO
2868,RELOJ ROJO SANTA Y RENO
2869,RELOJ BEIGE SANTA
2870,RELOJ BEIGE MUÑECO
2871,RELOJ BEIGE RENO
2872,BOTA TERCIOPELO ROJO SANTA 
2873,BOTA TERCIOPELO ROJO MUÑECO
2874,BOTA TERCIOPELO ROJO RENO
2875,BOTA ROSA SANTA
2876,BOTA ROSA MUÑECO
2877,BOTA ROSA RENO
2878,BOTA SANTA GRANDE
2879,BOTA MUÑECO GRANDE
2880,BOTA RENO GRANDE
2881,MUÑECO CHAMARRA PLASTICO
2882,FAROL PLASTICO
3039,PAPA NOEL PLASTICO 
2883,COJIN GUINDA SANTA 7A68
2884,COJIN GUINDA MUÑECO 7A68
2885,COJIN VERDE RENO 7A68
2886,COJIN TURQUEZA ESTAMPADO 
2887,COJIN ROJO 1MUÑECO ESTAMPADO 
2888,COJIN GUINDA 1MUÑECO ESTAMPADO 
2889,COJIN AZUL SANTA/RENO ESTAMPADO 
2890,COJIN ROJO 3MUÑECOS ESTAMPADO 
2891,COJIN GUINDA 3MUÑECOS ESTAMPADO 
2892,COJIN AZUL/ROJO SANTA ESTAMPADO 
2893,COJIN ROJO SANTA ESTAMPADO 
2894,COJIN VERDE MUÑECO ESTAMPADO 
2895,COJIN CAFE SANTA ESTAMPADO 
2896,COJIN AZUL MUÑECO ESTAMPADO 
2897,COJIN AZUL SANTA ESTAMPADO 
2898,BOTITA ROJA SANTA
2899,BOTITA VERDE MUÑECO
2900,BOTITA ROJA RENO
2901,BOTITA COPOS SANTA ROJO
2902,BOTITA COPOS MUÑECO VERDE
2903,BOTITA COPOS RENO ROJO
2904,BOTITA CAFE SANTA
2905,BOTITA ORO MUÑECO
2906,BOTITA CAFE RENO
2907,BOTITA PLATA SANTA (COPO GRIS)
2908,BOTITA PLATA MUÑECO (COPO GRIS)
2909,BOTITA PLATA RENO (COPO GRIS)
3050,OSO FAMILIA ACRILICO 
3078,VENADO ACRILICO 60 CM JL2036
3079,MUÑECO ACRILICO 44 CM JL2052
3113,MUÑECO ACRILICO 62 CM JL2029
3127,SANTA CLAUSS ACRILICO 63CM JL2059
3152,FAMILIA PINGÜINO ACRILICO JL2061
3256,MINI SANTA
3255,MINI MUÑECO DE NIEVE
3257,MINI RENO 
3258,MUÑECO DE PELUCHE C/MOVIMIENTO SANTA
3259,MUÑECO DE PELUCHE C/MOVIMIENTO MUÑECO
3260,MUÑECO DE PELUCHE C/MOVIMIENTO RENO
2625,TAPETE MORADO 2213
2626,TAPETE ROJO 2016
2627,TAPETE VERDE 2014
2628,TAPETE TURQUEZA 2014
2629,TAPETE ULTIMAS PIEZAS
2630,LIMPIAPIPAS
2631,LIMPIAPIPAS AZUL
2632,LIMPIAPIPAS FIUSHA
2633,LIMPIAPIPAS MORADO
2634,LIMPIAPIPAS COBRE
2635,LIMPIAPIPAS NEGRO
2636,LIMPIAPIPAS ORO
2637,LIMPIAPIPAS PLATA
2638,LIMPIAPIPAS ROJO
2639,EXTENSIONES 2.5 MTS
2640,EXTENSIONES 3 MTS
2641,EXTENSIONES 5 MTS
2642,EXTENSIONES 6 MTS
2643,EXTENSIONES 10 MTS
2644,MULTICONTACTOS 
2910,TEMPORIZADOR
2645,VELAS
2646,GANCHOS PARA ESFERA
2647,BOLSA LIMPIAPIPAS AZUL
2986,BOLSA LIMPIAPIPAS FIUSHA
2648,BOLSA LIMPIAPIPAS MORADO
2649,BOLSA LIMPIAPIPAS COBRE
2650,BOLSA LIMPIAPIPAS NEGRO
2651,BOLSA LIMPIAPIPAS ORO
2652,BOLSA LIMPIAPIPAS PLATA
2653,BOLSA LIMPIAPIPAS ROJO
3092,6.5CM BALANCEO DE SCOOTER 6P20
3093,8CM BALANCEO DE SCOOTER 6P21
3094,10CM BALANCEO DE SCOOTER 6P24
3095,PATIN PLEGABLE 2 RUEDAS ALUM. S001
3096,PATIN DEL DIABLO PLEGABLE 3 RUEDAS ALUM. S002
3097,PATIN DEL DIABLO PLEGABLE 2 RUEDAS ALUM. S004
3098,PATIN DEL DIABLO PLEGABLE 3 RUEDAS ALUM. S005
3099,PATIN DEL DIABLO PLEGABLE ADULTO S097
3100,PATIN DEL DIABLO PLEGABLE ADULTO S099
3101,PATIN DEL DIABLO PLEGABLE 2 RUEDAS S101
3102,PATINETA S300L
3103,PATINETA REFUERZA S301L
3104,PATINETA DE MOV. CON 2 RUEDAS S303L
3105,PATIN DEL DIABLO 2C- XH-S044
3107,PATINETA CHICA MODELO XH-S030S
3108,PATINETA MEDIANA MODELO XH-S022M
3109,PATINETA MODELO XH-S021L
3110,PATIN DEL DIABLO MODELO XH-S011
3114,10CM BALANCEO DE SCOOTER 6P23
3115,8CM BALANCEO DE SCOOTER 6P22
