id_producto,Nombre,precio_compra,nombre_etiqueta
2631,LIMPIAPIPAS AZUL,0.15,LIMPIAPIPAS AZUL
2633,LIMPIAPIPAS MORADO,0.15,LIMPIAPIPAS MORADO
2634,LIMPIAPIPAS COBRE,0.15,LIMPIAPIPAS NARANJA
2636,LIMPIAPIPAS ORO,0.15,LIMPIAPIPAS ORO
2637,LIMPIAPIPAS PLATA,0.15,LIMPIAPIPAS PLATA
2638,LIMPIAPIPAS ROJO,0.15,LIMPIAPIPAS ROJO
2761,METRO MANGUERA LED CARAMELO,0.8,METRO MANGUERA LED CARAMELO
2987,BOLSA DE EMPAQUE CHICA,1,BOLSA DE EMPAQUE CHICA
2988,BOLSA DE EMPAQUE MEDIANA,1,BOLSA DE EMPAQUE MEDIANA
2989,BOLSA DE EMPAQUE GRANDE,1,BOLSA DE EMPAQUE GRANDE
2991,BOLSA DE CINCHOS CHICO,1,BOLSA DE CINCHOS CHICO
2994,ROLLO P/IMPRESORA DE TICKETS,1,ROLLO P/IMPRESORA DE TICKETS
2995,CINTA CANELA PIEZA,1,CINTA CANELA PIEZA
2996,DIUREX CHICO PIEZA,1,DIUREX CHICO PIEZA
2999,CONTROL PARA MANGUERA FIJA,1,CONECTORES PARA MANGUERA FIJA
3000,CONTROL P/MANGUERA DE MOVIMIENTO,1,CONTROL P/MANGUERA DE MOVIMIENTO
3001,CONTROL P/ TIRA LED BLANCA,1,CONECTORES P/ TIRA LED BLANCA
3002,CONTROL P/ TIRA LED COLOR,1,CONECTORES P/ TIRA LED COLOR
3273,CASCADA V8 LED 500L BLANCA ,298,CASCADA V8 LED 500L BLANCA C/BCO
3274,CASCADA V8 LED 500L COLOR ,298,CASCADA V8 LED 500L COLOR C/BCO
2260,REGALITO MINI PLATA ,1,REGALITO MINI PLATA 
2265,MO—O ARROZ BLANCO ,1,MO—O ARROZ BLANCO 
2266,MO—O ARROZ BCO/COLOR ,1,MO—O ARROZ BCO/COLOR 
2273,MO—O LED ORGANZA BCO ,1,MO—O LED ORGANZA BCO 
3092,6.5CM BALANCEO DE SCOOTER 6P20,1,6.5CM BALANCEO D/SCOOTER 6P20
3093,8CM BALANCEO DE SCOOTER 6P21,1,8CM BALANCEO D/SCOOTER 6P21
3094,10CM BALANCEO DE SCOOTER 6P24,1,10CM BALANCEO D/SCOOTER 6P24
3095,PATIN PLEGABLE 2 RUEDAS ALUM. S001,1,PATIN 2 RUEDAS ALUMINIO S001
3096,PATIN DEL DIABLO PLEGABLE 3 RUEDAS ALUM. S002,1,PATIN DEL DIABLO 3 RUEDAS ALUM. S002
3097,PATIN DEL DIABLO PLEGABLE 2 RUEDAS ALUM. S004,1,PATIN DEL DIABLO 2 RUEDAS ALUM. S004
3098,PATIN DEL DIABLO PLEGABLE 3 RUEDAS ALUM. S005,1,PATIN DEL DIABLO 3 RUEDAS ALUM. S005
3099,PATIN DEL DIABLO PLEGABLE ADULTO S097,1,PATIN DEL DIABLO ADULTO S097
3100,PATIN DEL DIABLO PLEGABLE ADULTO S099,1,PATIN DEL DIABLO ADULTO S099
3101,PATIN DEL DIABLO PLEGABLE 2 RUEDAS S101,1,PATIN DEL DIABLO 2 RUEDAS S101
3102,PATINETA S300L,1,PATINETA S300L
3103,PATINETA REFUERZA S301L,1,PATINETA REFUERZA S301L
3104,PATINETA DE MOV. CON 2 RUEDAS S303L,1,PATINETA D/MOV. 2 RUEDAS S303L
3105,PATIN DEL DIABLO 2C- XH-S044,1,PATIN DEL DIABLO 2C- XH-S044
3107,PATINETA CHICA MODELO XH-S030S,1,PATINETA CH. MODELO XH-S030S
3108,PATINETA MEDIANA MODELO XH-S022M,1,PATINETA MED. MOD. XH-S022M
3110,PATIN DEL DIABLO MODELO XH-S011,1,PATIN DEL DIABLO MOD. XH-S011
3114,10CM BALANCEO DE SCOOTER 6P23,1,10CM BALANCEO SCOOTER 6P23
3115,8CM BALANCEO DE SCOOTER 6P22,1,8CM BALANCEO DE SCOOTER 6P22
2050,MARIPOSA MINI MORADO OSCURO 5935,2.13,MARIPOSA MINI MORADO OSCURO
2051,MARIPOSA MINI ORO 5935,2.13,MARIPOSA MINI ORO
2052,MARIPOSA MINI PLATA 5935,2.13,MARIPOSA MINI PLATA
2053,MARIPOSA MINI ROJO 5935,2.13,MARIPOSA MINI ROJO
2054,MARIPOSA MINI ROSA 5935,2.13,MARIPOSA MINI ROSA
2055,MARIPOSA MINI TURQUEZA 5935,2.13,MARIPOSA MINI TURQUEZA
2056,MARIPOSA MINI VERDE 5935,2.13,MARIPOSA MINI VERDE
2325,METRO DE FESTON AZUL,2.7492,METRO DE FESTON AZUL
2327,METRO DE FESTON MORADO,2.7492,METRO DE FESTON MORADO
2328,METRO DE FESTON ORO,2.7492,METRO DE FESTON ORO
2329,METRO DE FESTON PLATA,2.7492,METRO DE FESTON PLATA
2330,METRO DE FESTON ROJO,2.7492,METRO DE FESTON ROJO
2202,NOCHEBUENA GRANDE ROJA/VDE/LINO F02657-A ,3,NOCHEBUENA GRANDE ROJ/VD/LINO
2318,METRO LISTON ROJO/ORO P8-6018-44 ,3,METRO LISTON ROJO/ORO
2331,METRO DE FESTON ROSA ,3,METRO DE FESTON ROSA 
2326,METRO DE FESTON BLANCO,3.5844,METRO DE FESTON BLANCO
2646,GANCHOS PARA ESFERA,3.71,GANCHOS PARA ESFERA
2104,HOJA MAPLE PLATA 5719,4.25,HOJA MAPLE PLATA
3248,HOJA MAPLE TURQUEZA 4751,4.25,HOJA MAPLE TURQUEZA
2059,MARIPOSA CHICA BLANCA 4762,4.59,MARIPOSA CHICA BLANCA
2060,MARIPOSA CHICA COBRE 4762,4.59,MARIPOSA CHICA COBRE
2061,MARIPOSA CHICA MORADO OSCURO 4762,4.59,MARIPOSA CHICA MOR OSCURO
2063,MARIPOSA CHICA ORO 4762,4.59,MARIPOSA CHICA ORO
2064,MARIPOSA CHICA PLATA 4762,4.59,MARIPOSA CHICA PLATA
2065,MARIPOSA CHICA ROJO 4762,4.59,MARIPOSA CHICA ROJO
2066,MARIPOSA CHICA TURQUEZA 4762,4.59,MARIPOSA CHICA TURQUEZA
2068,MARIPOSA CHICA ORO ROSADO 4762,4.59,MARIPOSA CHICA ORO ROSA
2940,METRO LISTON AZUL REY ORGANZA  B1824-09,4.66,METRO LISTON AZUL REY ORGANZA
2317,METRO LISTON ROJO ORGANZA B1824-06,4.66,METRO LISTON ROJO ORGANZA
3233,3 MARIPOSAS ORO CO5219,5,3 MARIPOSAS ORO
2303,METRO LISTON COBRE DIAMANTADO B1101-19 ,5,METRO LISTON COBRE DIAMANTADO 
2314,METRO LISTON ROJO ANCHO 9005-06,5,METRO LISTON ROJO ANCHO
2333,METRO DE BOA VERDE,5,METRO DE BOA VERDE
2058,MARIPOSA CHICA AZUL MARINO 4762,5.4,MARIPOSA CHICA AZUL MARINO
2067,MARIPOSA CHICA VERDE 4762,5.4,MARIPOSA CHICA VERDE
2316,METRO LISTON ROJO/BLANCO H8151-02-A,5.98,METRO LISTON ROJO/BLANCO
2947,METRO MANGUERA LED COLOR FIJA ,6,METRO MANGUERA LED COLOR FIJA 
2228,PALETA FOMI MORADO,6,PALETA FOMI MORADO
2230,PALETA FOMI ROJO,6,PALETA FOMI ROJO
2231,PALETA FOMI ROSA,6,PALETA FOMI ROSA
2232,PALETA FOMI TURQUEZA,6,PALETA FOMI TURQUEZA
2241,PI—AS NATURAL,6,PI—AS NATURAL
3225,PICK NOCHEBUENA CHICA ORO S05090,6.21,PICK NOCHEBUENA CHICA ORO S05090
3226,PICK NOCHEBUENA CHICA ROJO S05090,6.21,PICK NOCHEBUENA CHICA ROJO S05090
2081,FLOR C/PEDRERIA CH PLATA A05287,6.38,FLOR C/PEDRERIA CH PLATA
2070,PICK NOCHEBUENA CH AZUL MARINO F054771,7.14,PICK NOCHEBUENA CH AZUL MARINO
2071,PICK NOCHEBUENA CH BLANCA F054771,7.14,PICK NOCHEBUENA CH BALNCA
2080,FLOR C/PEDRERIA CH ORO A05287,7.5,FLOR C/PEDRERIA CH ORO
2619,PIEZA MU—ECO PELUCHE ORO,7.63,PIEZA MU—ECO PELUCHE ORO
2621,PIEZA MU—ECO PELUCHE ROJO,7.63,PIEZA MU—ECO PELUCHE ROJO
3030,CONECTOR PARA MANGUERA,8,CONECTOR PARA MANGUERA
2204,FLOR CON PI—A VERDE/PURPLE 5732,8,FLOR CON PI—A VDE/PURPLE
3228,PICK NOCHEBUENA MORADO OSCURO MO5159,8.08,PICK NOCHEBUENA MORADO OSCURO MO5159
3229,PICK NOCHEBUENA ORO MO5159,8.08,PICK NOCHEBUENA ORO MO5159
3231,PICK NOCHEBUENA ROJO MO5159,8.08,PICK NOCHEBUENA ROJO MO5159
2072,PICK NOCHEBUENA CH COBRE F054771,8.4,PICK NOCHEBUENA CH COBRE
2074,PICK NOCHEBUENA CH ORO F054771 ,8.4,PICK NOCHEBUENA CH ORO
2075,PICK NOCHEBUENA CH PLATA F054771 ,8.4,PICK NOCHEBUENA CH PLATA
2076,PICK NOCHEBUENA CH ROJO F054771 ,8.4,PICK NOCHEBUENA CH ROJO
2077,PICK NOCHEBUENA CH TURQUEZA F054771 ,8.4,PICK NOCHEBUENA CH TURQUEZA
3279,HOJA M63078 BLANCO,9,HOJA M63078 BLANCO
2758,METRO MANGUERA LED BLANCA,9.08,METRO MANGUERA LED BLANCA
2760,METRO MANGUERA LED BLANCA/AZUL,9.08,METRO MANGUERA LED BLANCA/AZUL
2091,MARIPOSA MEDIANA MORADO OSCURO 4763,9.35,MARIPOSA MEDIANA MORADO
3237,HELECHO AZUL R21271,9.7,HELECHO AZUL R21271
3238,HELECHO BLANCO R21271,9.7,HELECHO BLANCO 
3239,HELECHO MORADO R21271,9.7,HELECHO MORADO 
3249,HELECHO PLATA R21271,9.7,HELECHO PLATA 
3240,HELECHO TURQUEZA R21271,9.7,HELECHO TURQUEZA 
3241,HELECHO VERDE R21271,9.7,HELECHO VERDE 
3187,CADENA BLANCA 300 L C/BLANCO,9.9,CADENA BLANCA 300 L C/BLANCO
3206,HOJA DE MAPLE 48 L LED AZUL,9.9,HOJA DE MAPLE 48 L LED AZUL
2187,HOJA MAPLE FIUSHA 5719 ,10,HOJA MAPLE FIUSHA
2173,PAJARITOS ROJO A05014,10,PAJARITOS ROJO
2174,NOCHEBUENA A05010 PLATA ,10,NOCHEBUENA A05010 PLATA 
2177,MARIPOSA PLANA MORADO 5023,10,MARIPOSA PLANA MORADA
2242,PI—AS ORO,10,PI—AS ORO
2246,REGALITO GDE COBRE,10,REGALITO GDE COBRE
2247,REGALITO GDE FIUSHA ,10,REGALITO GDE FIUSHA 
2249,REGALITO GDE ORO,10,REGALITO GDE ORO
2251,REGALITO GDE ROJO,10,REGALITO GDE ROJO
2253,REGALITO GDE VERDE ,10,REGALITO GDE VERDE 
2334,METRO GUIRNALDA BLANCA,10,METRO GUIRNALDA BLANCA
2944,METRO GUIA DOBLE VERDE,10,METRO GUIA DOBLE VERDE    .
2759,METRO MANGUERA LED BICOLOR,10.05,METRO MANGUERA LED BICOLOR
2113,FLOR CON PEDRERIA PLATA 5152,10.2,FLOR CON PEDRERIA PLATA
2115,FLOR CON PEDRERIA TURQUEZA 5152,10.2,FLOR CON PEDRERIA TURQUEZA
3163,CASCADA 100 L BLANCA  INTERMITENTE,10.89,CASCADA 100 L BLANCA  INTERMITENTE
2088,MARIPOSA MEDIANA AZUL MARINO 4763,11,MARIPOSA MEDIANA AZUL MARINO
2093,MARIPOSA MEDIANA NEGRO/GRIS 4763,11,MARIPOSA MEDIANA NEGRO/GRIS
2096,MARIPOSA MEDIANA ROJO 5286-4763,11,MARIPOSA MEDIANA ROJO
2097,MARIPOSA MEDIANA ROSA 5286,11,MARIPOSA MEDIANA ROSA
2098,MARIPOSA MEDIANA TURQUEZA 5286 ,11,MARIPOSA MEDIANA TURQUEZA 
2094,MARIPOSA MEDIANA ORO 5286-4763,11.05,MARIPOSA MEDIANA ORO
1809,SERIE 100 L BLANCA,11.28,SERIE 100 L BLANCA   
1810,SERIE 100 L COLOR,11.28,SERIE 100 L COLOR    
2117,PICK NOCHEBUENA AZUL MARINO 5210,11.9,PICK NOCHEBUENA AZUL MARINO
2118,PICK NOCHEBUENA BLANCO 5210,11.9,PICK NOCHEBUENA BLANCO
2119,PICK NOCHEBUENA ORO 5210,11.9,PICK NOCHEBUENA ORO
2120,PICK NOCHEBUENA PLATA 5210,11.9,PICK NOCHEBUENA PLATA
2121,PICK NOCHEBUENA ROJO 5210,11.9,PICK NOCHEBUENA ROJO
2100,HOJA MAPLE AZUL MARINO 5719,12,HOJA MAPLE AZUL MARINO
2101,HOJA MAPLE COBRE 5719,12,HOJA MAPLE COBRE
2102,HOJA MAPLE MORADO OSCURO 5719,12,HOJA MAPLE MORADO
2103,HOJA MAPLE ORO 5719,12,HOJA MAPLE ORO                                                                .
2105,HOJA MAPLE ROJO 5719,12,HOJA MAPLE ROJO
2109,FLOR CON PEDRERIA BLANCO 5152 ,12,FLOR CON PEDRERIA BLANCO
2110,FLOR CON PEDRERIA COBRE 5152,12,FLOR CON PEDRERIA COBRE
2111,FLOR CON PEDRERIA MORADO/PURPLE 5152,12,FLOR CON PEDRERIA MOR/PURPLE
3256,MINI SANTA,12,MINI SANTA
3255,MINI MU—ECO DE NIEVE,12,MINI MU—ECO DE NIEVE
3257,MINI RENO ,12,MINI RENO 
2132,BERRIES F02376,12.75,BERRIES
2089,MARIPOSA MEDIANA COBRE 5286,13,MARIPOSA MEDIANA COBRE
2090,MARIPOSA MEDIANA FIUSHA 5286 ,13,MARIPOSA MEDIANA FIUSHA 
2092,MARIPOSA MEDIANA MORADO/PLATA 5286 ,13,MARIPOSA MEDIANA MOR/PLATA 
2095,MARIPOSA MEDIANA PLATA 5286,13,MARIPOSA MEDIANA PLATA
2122,PICK NOCHEBUENA TURQUEZA 5210,13,PICK NOCHEBUENA TURQUEZA
3180,ARROZ 100 L BLANCO,13.2,ARROZ 100 L BLANCO
3181,ARROZ 100 L AZUL,13.2,ARROZ 100 L AZUL
3198,FOCO REEMPLAZABLE 100 L LED ROSA,13.2,FOCO REEMPLAZABLE 100 L LED ROSA
2934,NOCHEBUENA DL63301 ORO ,13.5,NOCHEBUENA DL63301 ORO 
2935,NOCHEBUENA DL63301 ROJO,13.5,NOCHEBUENA DL63301 ROJO
2455,TUBO N 6 VARIOS COLORES,13.65,TUBO N 6 VARIOS COLORES
2936,NOCHEBUENA DL64014 ORO,14,NOCHEBUENA DL64014 ORO
2937,NOCHEBUENA DL64014 ROJO,14,NOCHEBUENA DL64014 ROJO
2084,ESTRELLITAS ORO M10009,14,ESTRELLITAS ORO     .
2085,ESTRELLITAS PLATA M10009,14,ESTRELLITAS PLATA
2086,ESTRELLITAS ROJO M10009,14,ESTRELLITAS ROJO
2640,EXTENSIONES 3 MTS,14,EXTENSIONES 3 MTS
2143,NOCHEBUENA CH DIAMAN AZUL MARINO 5124,14.45,NOCHEB CH DIAMAN AZUL MARINO
2144,NOCHEBUENA CH DIAMAN BLANCO 5124,14.45,NOCHEB CH DIAMAN BLANCO
2145,NOCHEBUENA CH DIAMAN COBRE 5124,14.45,NOCHEB CH DIAMAN COBRE
2146,NOCHEBUENA CH DIAMAN MORADO OSCURO 5124,14.45,NOCHEB CH DIAMAN MORADO
2147,NOCHEBUENA CH DIAMAN NEGRO/GRIS 5124 ,14.45,NOCHEB CH DIAMAN NEGRO/GRIS 
2148,NOCHEBUENA CH DIAMAN ORO 5124,14.45,NOCHEB CH DIAMAN ORO
2149,NOCHEBUENA CH DIAMAN PLATA 5124,14.45,NOCHEB CH DIAMAN PLATA
2150,NOCHEBUENA CH DIAMAN ROJO 5124,14.45,NOCHEB CH DIAMAN ROJO
2152,NOCHEBUENA CH DIAMAN VERDE 5124 ,14.45,NOCHEB CH DIAMAN VERDE
2153,NOCHEBUENA CH DIAMAN ORO ROSADO 5124,14.45,NOCHEB CH DIAMAN ORO ROSA
2932,COPOS DE NIEVE ACRILICO R65048,15,COPOS DE NIEVE ACRILICO 
2651,BOLSA LIMPIAPIPAS ORO,15,BOLSA LIMPIAPIPAS ORO
2131,RAMA COBRE 4852 - 5017,16,RAMA COBRE
2129,RAMA MORADO/PURPLE 4852 - 5017,16,RAMA MORADO/PURPLE     .
2126,RAMA PLATA 4852 - 5017,16,RAMA PLATA
2127,RAMA ROJO  4852 - 5017,16,RAMA ROJO
2128,RAMA TURQUEZA 4852 - 5017,16,RAMA        .TURQUEZA
3024,ROLLO CHICO 10M LISTON ORO,16,ROLLO CHICO 10M LISTON ORO
3025,ROLLO CHICO 10M LISTON ROJO,16,ROLLO CHICO 10M LISTON ROJO
3026,ROLLO CHICO 10M LISTON PLATA,16,ROLLO CHICO 10M LISTON PLATA
3027,ROLLO CHICO 10M LISTON AZUL REY,16,ROLLO CHICO 10M LISTON AZUL REY
3028,ROLLO CHICO 10M LISTON MORADO,16,ROLLO CHICO 10M LISTON MORADO
3029,ROLLO CHICO 10M LISTON FIUSHA ,16,ROLLO CHICO 10M LISTON FIUSHA 
2458,ESFERA N 6 VERDE MANZANA DIAMANTADA,16,TUBO N 6 VERDE MANZANA DIAMANTADA
3182,ARROZ 200 L BLANCO,16.5,ARROZ 200 L BLANCO
3184,ARROZ 200 L AZUL,16.5,ARROZ 200 L AZUL
3199,MARIPOSAS 20 L LED AZUL,16.5,MARIPOSAS 20 L LED AZUL
2938,VARA POM POM BLANCO F 78097,16.5,VARA POM POM BLANCO
2138,RAMITAS ORO F78089,16.58,RAMITAS ORO
2139,RAMITAS PLATA F78089,16.58,RAMITAS PLATA
2140,RAMITAS ROJO F78089,16.58,RAMITAS ROJO
2141,RAMITAS COBRE F78089 ,16.58,RAMITAS COBRE 
2858,SANTA ESPIRAL,17,SANTA ESPIRAL
2859,MU—ECO ESPIRAL,17,MU—ECO ESPIRAL
2860,RENO ESPIRAL,17,RENO ESPIRAL
2767,METRO TIRA LED BLANCA,17.98,METRO TIRA LED BLANCA
2768,METRO TIRA LED CALIDA,17.98,METRO TIRA LED CALIDA
2769,METRO TIRA LED COLOR,17.98,METRO TIRA LED COLOR
1823,LED 50 L CALIDA C/TRANSP,18,LED 50 L CALIDA C/TRANSP
2641,EXTENSIONES 5 MTS,18,EXTENSIONES 5 MTS
2898,BOTITA ROJA SANTA,19,BOTITA ROJA SANTA
2899,BOTITA VERDE MU—ECO,19,BOTITA VERDE MU—ECO
2900,BOTITA ROJA RENO,19,BOTITA ROJA RENO
2901,BOTITA COPOS SANTA ROJO,19,BOTITA COPOS SANTA ROJO
2902,BOTITA COPOS MU—ECO VERDE,19,BOTITA COPOS MU—ECO VERDE
2903,BOTITA COPOS RENO ROJO,19,BOTITA COPOS RENO ROJO
2904,BOTITA CAFE SANTA,19,BOTITA CAFE SANTA
2905,BOTITA ORO MU—ECO,19,BOTITA ORO MU—ECO
2906,BOTITA CAFE RENO,19,BOTITA CAFE RENO
2907,BOTITA PLATA SANTA (COPO GRIS),19,BOTITA PLATA SANTA (COPO GRIS)
2908,BOTITA PLATA MU—ECO (COPO GRIS),19,BOTITA PLATA MU—ECO (COPO GRIS)
2909,BOTITA PLATA RENO (COPO GRIS),19,BOTITA PLATA RENO (COPO GRIS)
1825,LED 50 L COLOR C/TRANSP,19.3,LED 50 L COLOR C/TRANSP
3183,ARROZ 200 L COLOR,19.8,ARROZ 200 L COLOR
3200,FLOR DE LOTO 20 L LED AZUL,19.8,FLOR DE LOTO 20 L LED AZUL
3129,MUSICAL 140 L MORADA,20,MUSICAL 140 L MORADA
1824,LED 50 L COLOR C/VERDE,20,LED 50 L COLOR C/VERDE
1948,MINICANICA V8 100 L LED COLOR 6.80 M,20,MINICANICA V8 100 L LED COLOR
2047,LISTON ARROZ BLANCO FOCO BLANCO ,20,LISTON ARROZ BLANCO F/BCO
1821,LED 50 L BLANCA C/TRANSP,20.5,LED 50 L BLANCA C/TRANSP
1826,LED 50 L AZUL,20.5,LED 50 L AZUL
2939,VARA ESPIGA BLANCO M66171,21,VARA ESPIGA BLANCO
2569,GORRO UVA ,22,GORRO UVA 
2155,NOCHEBUENA CH TERCIOPELO COBRE 5923,22.1,NOCHEB CH TERCIOP COBRE
2156,NOCHEBUENA CH TERCIOP MORADO 5923,22.1,NOCHEBUENA CH TERCIOP MORADO
2157,NOCHEBUENA CH TERCIOP ORO 5923,22.1,NOCHEB CH TERCIOP ORO
2158,NOCHEBUENA CH TERCIOP PLATA 5923,22.1,NOCHEB CH TERCIOP PLATA
2159,NOCHEBUENA CH TERCIOP ROJO 5923,22.1,NOCHEB CH TERCIOP ROJO
3254,,22.1,
2847,OSITA BAILARINA / PLATA,22.5,OSITO BAILARINA / PLATA
2848,OSITA BAILARINA / ORO,22.5,OSITO BAILARINA / ORO
3186,ARROZ 300 L AZUL,23.1,ARROZ 300 L AZUL
2412,ESFERA N 7 VERDE MANZANA DIAMANTADO,23.5,ESFERA N 7 VERDE MANZANA DIAMANTADO
2714,ARROZ 140 L AZUL,23.8,ARROZ 140 L AZUL
2916,MALLA CORTA ROJA CSM13,23.85,MALLA CORTA ROJA
1811,MUSICAL 140 L BLANCA 7M,23.89,MUSICAL 140 L BLANCA 
1812,MUSICAL 140 L COLOR  7M,23.89,MUSICAL 140 L COLOR  
2575,COLGANTE SANTA PIERNAS DE BOLITAS,25,COLGANTE SANTA PIERNAS DE BOLITAS
2576,COLGANTE RENO PIERNAS DE BOLITAS,25,COLGANTE RENO PIERNAS DE BOLITAS
2843,COLGANTE MU—ECO PIERNAS DE BOLITAS,25,COLGANTE MU—ECO PIERNAS DE BOLITAS
2911,MALLA CORTA AZUL MARINO CSM02,25.2,MALLA CORTA AZUL MARINO
2912,MALLA CORTA BEIGE CSM04,25.2,MALLA CORTA BEIGE
2913,MALLA CORTA BLANCO/PLATA CSM17,25.2,MALLA CORTA BLANCO/PLATA
2914,MALLA CORTA MORADO CSM07,25.2,MALLA CORTA MORADO
2915,MALLA CORTA ORO CSM37,25.2,MALLA CORTA ORO
3224,MALLA CORTA TURQUEZA CSM16,25.2,MALLA CORTA TURQUEZA CSM16
2332,METRO DE BOA NEVADO,25.326,METRO DE BOA NEVADO
2715,ARROZ 140 L ROSA ,25.5,ARROZ 140 L ROSA
2716,ARROZ 140 L AMARILLO ,25.5,ARROZ 140 L AMARILLO
2389,ESFERA N 6 ORO DIAMANTADO,25.6,ESFERA N 6 ORO DIAMANTADO
3156,MUSICAL BLANCA DE 140 L C/TRANSP,25.61,MUSICAL BLANCA DE 140 L C/TRANSP
3157,MUSICAL 140 L AZUL C/TRANSP,25.61,MUSICAL 140 L AZUL C/TRANSP
1921,PUNTA ARBOL LED BICOLOR CHICA,26,PUNTA ARBOL LED BICOLOR CHICA
2725,NUEVA ROSA MAGICA COLOR 32 L,26,NUEVA ROSA MAGICA COLOR 32 L
3019,C7 LED BICOLOR 20 L,26,C7 LED BICOLOR 20 L
3020,SERIE CAMPANAS BLANCA 20 L,26,SERIE CAMPANAS BLANCA 20 L
3021,SERIE CAMPANAS CALIDA 20 L ,26,SERIE CAMPANAS CALIDA 20 L 
3022,SERIE CAMPANAS BICOLOR 20 L,26,SERIE CAMPANAS BICOLOR 20 L
3017,C7 LED BLANCA 20 L,26,C7 LED BLANCA 20 L
3018,C7 LED CALIDA 20 L,26,C7 LED CALIDA 20 L
3176,VELA MAGICA LED AZUL,26.4,VELA MAGICA LED AZUL
3177,VELA MAGICA LED ROJO,26.4,VELA MAGICA LED ROJO
3185,ARROZ 300 L BLANCO,26.4,ARROZ 300 L BLANCO
1822,LED 50 L CALIDA C/VERDE,27,LED 50 L CALIDA C/VERDE
1828,LED 100 L BLANCA,27,LED 100 L BLANCA
1830,LED 100 L COLOR,27,LED 100L COLOR
1920,PUNTA ARBOL LED BLANCA CHICA,27,PUNTA ARBOL LED BLANCA CHICA
1955,ARROZ 140 L BLANCO,27.39,ARROZ 140 L BLANCO
2720,FLOR DE BAHUINIA MORADA 30 L,27.5,FLOR DE BAHUINIA MORADA 30 L
2721,PALETA BLANCA/MORADO 64 L ,27.5,PALETA BLANCA/MORADO 64 L 
1820,LED 50 L BLANCA C/VERDE,27.6,LED 50 L BLANCA C/VERDE
1942,MINICANICA V8 50 L LED BICOLOR 3.40 M,27.8,MINICANICA V8 50 L LED BICOLOR
1814,MAGICA 300 L BLANCA 16M,27.95,MAGICA 300 L BLANCA  
1897,FOCO TIPO ROSQUILLA,28,FOCO TIPO ROSQUILLA
3146,CANICA 50 L LED ORO,28,CANICA 50 L LED ORO
1968,ARROZ 180 L ROJO ,28,ARROZ 180 L ROJO
3147,CANICA (2.5CM) 40 L BLANCA,28,CANICA (2.5CM) 40 L BLANCA
3148,CANICA (2.5CM) 40 L BICOLOR,28,CANICA (2.5CM) 40 L BICOLOR
3149,CANICA (2.5CM) 40 L AZUL,28,CANICA (2.5CM) 40 L AZUL
3150,CANICA (2.5CM) 40 L VERDE,28,CANICA (2.5CM) 40 L VERDE
3151,CANICA (2.5CM) 40 L ROJO/BLANCA,28,CANICA (2.5CM) 40 L ROJO/BLANCA
2568,GORRO ROJO,28,GORRO ROJO
3158,MAGICA 300 L BLANCA C/TRANSP,28.38,MAGICA 300 L BLANCA C/ TRANSP
1827,LED 50 L MORADA ,28.4,LED 50 L MORADA       .
2335,CORONA 40 CM VERDE,28.8,CORONA 40 CM VERDE
1829,LED 100 L CALIDA,28.89,LED 100 L CALIDA
2662,LED 100 L ROJO,28.89,LED 100 L ROJO
2657,MAGICA 200 L AZUL 10M,29,MAGICA 200 L AZUL
2643,EXTENSIONES 10 MTS,29,EXTENSIONES 10 MTS
1837,LED 140 L BLANCA C/VERDE,29.104,LED 140 L BLANCA C/VERDE
1838,LED 140 L BLANCA C/TRANS,29.104,LED 140 L BLANCA C/TRANS
3116,LED 140 L  ROJO C/VERDE,29.104,LED 140 L  ROJO C/VERDE
3117,LED 140 L CALIDA C/VERDE,29.104,LED 140 L CALIDA C/VERDE
3118,LED 140 L BLANCA/AZUL ,29.104,LED 140 L BLANCA/AZUL 
3119,LED 140 L VERDE C/VERDE,29.104,LED 140 L VERDE C/VERDE
1960,NOCHEBUENA MUSICAL,29.46,NOCHEBUENA MUSICAL  .
3159,MAGICA 300 L BLANCA DOBLE FUNCION,29.7,MAGICA 300 L BLANCA DOBLE FUNCION
3160,MAGICA 300 L COLOR DOBLE FUNCION,29.7,M—GICA 300 L COLOR DOBLE FUNCION
3169,RED  240 L BLANCA,29.7,RED  240 L BLANCA
3170,RED 240 L COLOR,29.7,RED 240 L COLOR
3232,BERRIES NEVADOS S36088,29.75,BERRIES NEVADOS S36088
2220,PAQ DE 6 COPOS FIUSHA ,30,PAQ DE 6 COPOS FIUSHA 
2221,PAQ DE 6 COPOS MORADO ,30,PAQ DE 6 COPOS MORADO 
2223,PAQ DE 6 COPOS ORO,30,PAQ DE 6 COPOS ORO
2225,PAQ DE 6 COPOS ROJO ,30,PAQ DE 6 COPOS ROJO 
1833,LED 140 L MUSICAL BLANCA C/VERDE,30.71,LED 140 L MUSICAL BLANCA
2664,LED 100 L BLANCA/AZUL,31,LED 100 L BLANCA/AZUL
2336,CORONA 40 CM BLANCA,31,CORONA 40 CM BLANCA
2162,NOCHEBUENA MEDIANA COBRE  5204,31.03,NOCHEBUENA MEDIANA COBRE
2163,NOCHEBUENA MEDIANA MORADO OSCURO  5204 ,31.03,NOCHEBUENA MEDIANA MORADO
2164,NOCHEBUENA MEDIANA PLATA  5204,31.03,NOCHEBUENA MEDIANA PLATA
3179,PUNTA DE ARBOL COPO DE NIEVE LED MULTICOLOR,31.92,PUNTA DE ARBOL COPO DE NIEVE LED MULTICOLOR
1813,MUSICAL 140 L ROSA 7M ,32.37,MUSICAL 140 L ROSA
1867,CASCADA 300 L AZUL 3.75M,32.5,CASCADA 300 L AZUL 3.75M 
1886,RED 320 L AZUL C/AZUL,32.5,RED 320 L AZUL
3164,CASCADA 300 L AZUL C/TRANSP,33,CASCADA 300 L AZUL C/TRANSP
3209,RED 320 L AZUL C/TRANSP,33,RED 320 L AZUL C/TRANSP
1957,ARROZ 180 L AZUL ,33,ARROZ 180 L AZUL
3189,HOJAS BLANCAS TRANSP 36 L LED,33,HOJAS BLANCAS TRANSP 36 L LED
3195,DOBLE DIAMANTE LED BLANCO,33,DOBLE DIAMANTE LED BLANCO
3196,DOBLE DIAMANTE LED AZUL,33,DOBLE DIAMANTE LED AZUL
3197,DOBLE DIAMANTE LED MORADO,33,DOBLE DIAMANTE LED MORADO
2773,BOTE N 6/35 PZAS 60LDM-35ORO,33.3,BOTE N 6/35 PZAS ORO
3120,LED 200 L VERDE C/VERDE,34.24,LED 200 L VERDE C/VERDE
3121,LED 200 L ROJO C/VERDE,34.24,LED 200 L ROJO C/VERDE
3122,LED 200 L CALIDA C/VERDE,34.24,LED 200 L CALIDA C/VERDE
2659,MAGICA 400 L BLANCA 20M,34.45,MAGICA 400 L BLANCA
2660,MAGICA 400 L COLOR 20M,34.45,MAGICA 400 L COLOR 
2644,MULTICONTACTOS ,34.48276,MULTICONTACTOS
3201,JAZMIN 30 L LED TRICOLOR,34.84,JAZMIN 30 L LED TRICOLOR
3202,JAZMIN 30 L LED BICOLOR,34.84,JAZMIN 30 L LED BICOLOR
3161,MAGICA 400 L AZUL C/TRANSP,34.98,MAGICA 400 L AZUL C/TRANSP
1910,BASTON LED COLOR 45 L,35,BASTON LED COLOR 45L
1985,FLOR 8 PETALOS MORADA LED 20 L,35,FLOR 8 PETALOS MORADA LED 20 L
2724,ESTRELLA TIPO NUEVO MORADA 30 L,35,ESTRELLA TIPO NUEVO MORADA 30 L
2166,NOCHEBUENA GRANDE BEIGE C00031 ,35.31,NOCHEBUENA GRANDE BEIGE 
1817,MAGICA 400 L COLOR C/TRANSP 20M,35.75,MAGICA 400 L COLOR C/TRANSP 
1943,MINICANICA V8 50 L LED BLANCA 3.40 M,36,MINICANICA V8 50 L LED BLANCA
1941,MINICANICA V8 50 L LED CALIDA 3.60 M,36,MINICANICA V8 50 L LED CALIDA
2776,BOTE N 4 ROJO/ORO 35 PZAS 40DLC-35RJD,36,BOTE N 4 ROJO/ORO 35 PZAS
3062,BOTE N 4/ 35 PZAS TS-40DIA-35AC,36,BOTE N 4/ 35 PZAS TS-40DIA-35AC
3063,BOTE N 4/ 35 PZAS TS-40DIA-35P,36,BOTE N 4/ 35 PZAS TS-40DIA-35P
3190,CANICA JUMBO 30 L LED,36.02,CANICA JUMBO 30 L LED
3166,CASCADA 400 L AZUL,36.3,CASCADA 400 L AZUL
3172,RED  408 L BLANCA ,36.3,RED  408 L BLANCA 
3173,RED 408 L COLOR,36.3,RED 408 L COLOR
2167,NOCHEBUENA GRANDE ROJA M01001-A,36.975,NOCHEBUENA GRANDE ROJA
2933,NOCHEBUENA GRANDE VINO ,37,NOCHEBUENA GRANDE VINO 
3191,FLOR DE PERA 28 L LED ROJO,37.14,FLOR DE PERA 28 L LED ROJO
3192,FLOR DE PERA 28 L LED MULTICOLOR,37.14,FLOR DE PERA 28 L LED MULTICOLOR
2433,ESFERA N 8 VERDE MANZANA DIAMANTADO,37.25,ESFERA N 8 VERDE MANZANA
2393,ESFERA N 7 AZUL BRILLANTE,37.6,ESFERA N 7 AZUL BRILLANTE
2418,ESFERA N 8 COBRE BRILLANTE,37.88,ESFERA N 8 COBRE BRILLANTE
2426,ESFERA N 8 ORO BRILLANTE,37.88,ESFERA N 8 ORO BRILLANTE
2442,ESFERA N 10 PLATA BRILLANTE,39,ESFERA N 10 PLATA BRILLANTE
3171,RED 320 L LILA C/TRANSP,39.6,RED 320 L LILA C/TRANSP
1925,PUNTA ESTRELLA LED BICOLOR DORADA,40,PUNTA ESTRELLA LED BICOLOR DORADA
2726,NUEVA ROSA MAGICA ROJA 32 L,40,NUEVA ROSA MAGICA ROJA 32 L
2946,FLOR AZALEA MORADA ,40,FLOR AZALEA MORADA 
2400,ESFERA N 7 LILA LACA,40,ESFERA N 7 LILA LACA
3194,FLOR DE BEGONIA 22 L MULTICOLOR,40.06,FLOR DE BEGONIA 22 L MULTICOLOR
3205,ESTRELLA DE MAR 30 L LED BLANCO,40.06,ESTRELLA DE MAR 30 L LED BLANCO
2661,LED 100 L ROSA,40.8,LED 100 L ROSA
2663,LED 100 L BLANCA/MORADO,40.8,LED 100 L BLANCA/MORADO
2440,ESFERA N 10 MORADO DIAMANTADO,41.6,ESFERA N 10 MORADO DIAMANTADO
2004,MANGUERA CORRUGADA BLANCA,41.944,MANGUERA CORRUGADA BLANCA 
2570,DULCERA DUENDE,42,DULCERA DUENDE
2571,DULCERA DUENDECITA,42,DULCERA DUENDECITA
2572,DULCERA SANTA,42,DULCERA SANTA
2735,FOCO LED LARGO 5M BLANCO,42.8,FOCO LED LARGO 5M BLANCO
2736,FOCO LED LARGO 5 M COLOR ,42.8,FOCO LED LARGO 5 M COLOR
3133,FOCO LED LARGO 100 L BCO/AZUL,42.8,FOCO LED LARGO 100 L BCO/AZUL
3217,FOCO LED LARGO 5M BCO/ROSA,42.8,FOCO LED LARGO 5M BCO/ROSA
3193,FLOR DE LOTO 30 L LED MULTICOLOR,44.15,FLOR DE LOTO 30 L LED MULTICOLOR
1947,MINICANICA V8 100 L LED BLANCA 6.60 M,45,MINICANICA V8 100 L LED BLANCA
1946,MINICANICA V8 100 L LED CALIDA 6.80 M,45,MINICANICA V8 100 L LED CALIDA
2006,MANGUERA CORRUGADA AZUL,45.65,MANGUERA CORRUGADA AZUL
3203,ROSA GRANDE TRANSP BICOLOR 22 L LED,45.89,ROSA GRANDE TRANSP BICOLOR 22 L LED
2665,LED 140 L MUSICAL BLANCA C/TRANSP ,46,LED 140 L MUSICAL BCA C/TRANS
2667,LED 140 L MUSICAL BLANCA/MORADO ,46,LED 140 L MUSICAL BLANCA/MORADO
3165,CASCADA 400 L  COLOR C/TRANSP,46.2,CASCADA 400 L  COLOR C/TRANSP
3167,CASCADA 400 L AZUL C/TRANSP,46.2,CASCADA 400 L AZUL C/TRANSP
3168,CASCADA 400 L LILAS C/TRANSP,46.2,CASCADA 400 L LILAS C/TRANSP
3178,FIGURA COPO DE NIEVE LED MULTICOLOR,46.2,FIGURA COPO DE NIEVE LED MULTICOLOR
1967,FLOR NOCHEBUENA GRANDE COLOR,46.2,FLOR NOCHEBUENA GRANDE COLOR
3082,SERIE 16 FOCOS LED BLANCOS,46.4,SERIE 16 FOCOS LED BLANCOS
3086,SERIE 16 FOCOS LED CALIDO,46.4,SERIE 16 FOCOS LED CALIDO
3087,SERIE 16 FOCOS LED BLANCO/AZUL,46.4,SERIE 16 FOCOS LED BCO/AZUL
3207,FLOR DE PERLA 36 L LED BICOLOR,46.45,FLOR DE PERLA 36 L LED BICOLOR
1831,LED 100 L AZUL,46.9,LED 100 L AZUL
2210,MALLA AMARILLO MFR83,47,MALLA AMARILLO
2215,MALLA ROJA MF17,47,MALLA ROJA
1991,MANGUERA GEL 10 M AZUL,47.45,MANGUERA GEL 10 M AZUL
2423,ESFERA N 8 LILA LACA,48.75,ESFERA N 8 LILA LACA
1832,LED 100 L MORADA,48.96,LED 100 L MORADA    .
1922,PUNTA ARBOL LED GOTA AGUA BLANCA ,49.39,PUNTA ARBOL LED GOTA AGUA BLANCA
1923,PUNTA ARBOL LED GOTA AGUA COLOR ,49.39,PUNTA ARBOL LED GOTA AGUA COLOR
1924,PUNTA ARBOL LED GOTA BCO/AZUL ,49.39,PUNTA ARBOL GOTA BCO/AZUL 
2422,ESFERA N 8 DEC FIUSHA,49.5,ESFERA N 8 DEC FIUSHA
1815,MAGICA 300 L COLOR 15M,49.6,MAGICA 300 L COLOR   
2658,MAGICA 300 L AZUL 15M ,49.6,MAGICA 300 L AZUL 
1816,MAGICA 300 L MORADA 16M ,49.6,MAGICA 300 L MORADA 
2982,SERIE ESFERAS ROJO 15 L ,50,SERIE ESFERAS ROJO 15 L
2983,SERIE ESFERAS AZUL 15 L,50,SERIE ESFERAS AZUL 15 L
3036,NOCHEBUENA LED ROJO 20 L,50,NOCHEBUENA LED ROJO 20 L
3058,MANGUERA LED 10 M CARAMELO BLANCA,50,MANGUERA LED 10M CARAMELO BCA
3059,MANGUERA LED 10 M CARAMELO COLOR,50,MANGUERA LED 10M CARAMELO COLOR
3060,MANGUERA LED 10 M OPALINO CARAMELO BLANCA,50,MANGUERA 10M OPALINO CARAM. BCA
2666,LED 140 L MUSICAL COLOR C/VERDE,50.5,LED 140 L MUSICAL COLOR C/VERDE
1835,LED 140 L MUSICAL COLOR ,51,LED 140 L MUSICAL COLOR
2338,CORONA 60 CM VERDE,51,CORONA 60 CM VERDE
3090,20 L ESFERA BICOLOR 4 CM,52,20 L ESFERA BICOLOR 4 CM
3188,CANICA GRANDE 72 L LED MULTICOLOR,52.29,CANICA GRANDE 72 L LED MULTICOLOR
3174,RED LED 304 L ROSA,52.8,RED LED 304 L ROSA
2413,ESFERA N 8 AZUL BRILLANTE ,52.8,ESFERA N 8 AZUL BRILLANTE 
2424,ESFERA N 8 MORADO BRILLANTE,52.8,ESFERA N 8 MORADO BRILLANTE
2429,ESFERA N 8 PLATA DIAMANTADO,52.8,ESFERA N 8 PLATA DIAMANTADO
2430,ESFERA N 8 ROJO BRILLANTE,52.8,ESFERA N 8 ROJO BRILLANTE
2005,MANGUERA CORRUGADA COLOR ,53,MANGUERA CORRUGADA COLOR 
1839,LED 140 L AZUL C/AZUL ,53.95,LED 140 L AZUL
2668,LED 140 L COLOR ,54, LED 140 L COLOR 
2337,CORONA 60 CM BLANCA,54,CORONA 60 CM BLANCA
1989,MANGUERA GEL 10 M BLANCA,54.4,MANGUERA GEL 10 M BLANCA
2439,ESFERA N 10 MORADO BRILLANTE,54.4,ESFERA N 10 MORADO BRILLANTE
1973,ESTRELLA 72 L LED AZUL,54.78,ESTRELLA 72 L LED AZUL
2673,CASCADA 300 L COLOR 3.75 m,54.94,CASCADA 300 L COLOR 3.75 m
2342,ROLLO 20m FESTON ORO,54.984,ROLLO 20m FESTON ORO
2682,RED 320 L MORADA C/MORADO ,55,RED 320 L MORADA C/MORADO 
1969,FLOR CIRUELO COLOR ,55,FLOR CIRUELO COLOR 
2712,ARROZ 400 L AZUL ,55,ARROZ 400 L AZUL
2713,ARROZ 400 L MORADO ,55,ARROZ 400 L MORADO
3270,MINICANICA V8 100 L LED COLOR C/TRANS,55,MINICANICA V8 100 L LED COLOR C/TRANS
2434,ESFERA N 8 DEC VERDE 80UVV12-901 ,55.6,ESFERA N 8 DEC VERDE 
2217,MALLA VERDE LIMON MF03,56,MALLA VERDE LIMON
2218,MALLA CHOCOLATE/ORO SM12 ,56,MALLA CHOCOLATE/ORO 
2878,BOTA SANTA GRANDE,56,BOTA SANTA GRANDE
2879,BOTA MU—ECO GRANDE,56,BOTA MU—ECO GRANDE
2880,BOTA RENO GRANDE,56,BOTA RENO GRANDE
2209,MALLA BLANCO/PLATA SM17,56.7,MALLA BLANCO/PLATA
2213,MALLA ORO SM33,56.7,MALLA ORO
2605,CUADRO SANTA,56.71,CUADRO SANTA
2606,CUADRO MU—ECO DE NIEVE ,56.71,CUADRO MU—ECO DE NIEVE
2865,CUADRO RENO,56.71,CUADRO RENO
2436,ESFERA N 10 AZUL TURQUEZA LACA,57.2,ESFERA N 10 AZUL TURQUEZA
1937,ROSA GRANDE LED ROJO 22 L 2.5M,57.27,ROSA GRANDE LED ROJO 22 L
1834,LED 140 L MUSICAL CALIDA,58,LED 140 L MUSICAL CALIDA
1836,LED 140 L MUSICAL MORADA ,58,LED 140 L MUSICAL MORADA 
1949,CANICA 50 L LED CALIDA ,58,CANICA 50 L LED CALIDA 
1950,CANICA 50 L LED BLANCA ,58,CANICA 50 L LED BLANCA 
1952,CANICA 50 L LED BLANCA/AZUL ,58,CANICA 50 L LED BLANCA/AZUL 
1986,MINICANICA V8 100 L LED MORADA 6.80 M ,58,MINICANICA V8 100 L LED MORADA
1945,MINICANICA V8 100 L LED VERDE 6.60 M ,58,MINICANICA V8 100 L LED VERDE 
3175,ESTRELLA 50 L LED AZUL,59.4,ESTRELLA 50 L LED AZUL
3243,PAQ DE 6 COPOS CIRCULAR ORO R65025,60,PAQ DE 6 COPOS CIRCULAR ORO R65025
3244,PAQ DE 6 COPOS CIRCULAR PLATA R65025,60,PAQ DE 6 COPOS CIRCULAR PLATA R65025
3245,PAQ DE 6 COPOS CIRCULAR ROJO R65025,60,PAQ DE 6 COPOS CIRCULAR ROJO R65025
3246,PAQ DE 6 COPOS CIRCULAR TURQUEZA R65025,60,PAQ DE 6 COPOS CIRCULAR TURQUEZA R65025
3247,PAQ DE 6 COPOS CIRCULAR VERDE R65025,60,PAQ DE 6 COPOS CIRCULAR VERDE R65025
3064,BOTE N 5/30 PZAS TS-50A-RAYA-30D,60,BOTE N 5/30 PZAS TS-50A-RAYA-30D
3065,BOTE N 5/35 PZAS TS-50EDD-35AAA,60,BOTE N 5/35 PZAS TS-50EDD-35AAA
3066,BOTE N 5/35 PZAS TS-50MDD-35RJ ,60,BOTE N 5/35 PZAS TS-50MDD-35RJ 
2872,BOTA TERCIOPELO ROJO SANTA ,60,BOTA TERCIOPELO ROJO SANTA 
2873,BOTA TERCIOPELO ROJO MU—ECO,60,BOTA TERCIOPELO ROJO MU—ECO
2874,BOTA TERCIOPELO ROJO RENO,60,BOTA TERCIOPELO ROJO RENO
2875,BOTA ROSA SANTA,60,BOTA ROSA SANTA
2862,CORONA CHICA SANTA ,61,CORONA CHICA SANTA 
2863,CORONA CHICA MU—ECO,61,CORONA CHICA MU—ECO
2864,CORONA CHICA RENO ,61,CORONACHICA RENO 
1963,SER NOCHEBUENA COLOR LED,62.93,SUPER NOCHEBUENA COLOR LED
1964,SER NOCHEBUENA ROJA LED,62.93,SUPER NOCHEBUENA ROJA LED
2208,MALLA BEIGE SM04,63,MALLA BEIGE
2211,MALLA MORADO SM-07,63,MALLA MORADO
2216,MALLA TURQUEZA SM16,63,MALLA TURQUEZA
1971,SERIE ESTRELLA LED BICOLOR 30 L ,63.65,SERIE ESTRELLA LED BICOLOR 30 L
2981,FIGURA PICO DE HIELO LED BLANCA 30 L,64,FIG PICO DE HIELO LED BLANCA 30L
3088,FIGURA PICO DE HIELO 40 L AZUL,64,FIG PICO DE HIELO LED AZUL 40L
3089,CADENA LED BLANCA C/VERDE,64,CADENA LED BLANCA C/VERDE
3126,CADENA LED CALIDA C/VERDE,64,CADENA LED CALIDA C/VERDE
3128,CADENA LED COLOR C/VERDE,64,CADENA LED COLOR C/VERDE
3208,MANGUERA LED  10 M MORADA,64.36,MANGUERA LED  10 M MORADA
1961,UVA GRANDE,65,UVA GRANDE
2732,SERIE ESFERAS CALIDA 20 L,65,SERIE ESFERAS CALIDA 20 L
2733,SERIE ESFERAS BLANCA 20 L,65,SERIE ESFERAS BLANCA 20 L
2734,MU—ECO DE NIEVE LED BICOLOR 20 L,65,MU—ECO DE NIEVE LED BICOLOR 20 L
2207,MALLA AZUL MARINO P1715,66,MALLA AZUL MARINO
2888,COJIN GUINDA 1MU—ECO ESTAMPADO ,66,COJIN GUINDA 1MU—ECO ESTAMPADO 
2890,COJIN ROJO 3MU—ECOS ESTAMPADO ,66,COJIN ROJO 3MU—ECOS ESTAMPADO 
2893,COJIN ROJO SANTA ESTAMPADO ,66,COJIN ROJO SANTA ESTAMPADO 
2895,COJIN CAFE SANTA ESTAMPADO ,66,COJIN CAFE SANTA ESTAMPADO 
2897,COJIN AZUL SANTA ESTAMPADO ,66,COJIN AZUL SANTA ESTAMPADO 
1887,RED 320 L ROSA C/ROSA ,66.4,RED 320 L ROSA
1853,LED 300 L VERDE 15M ,66.768,LED 300 L VERDE 
2135,BOLSA 6 TAILANDEZA ORO A30016/17-2AT P.P.,66.9,BOLSA 6 TAILANDEZA ORO 
1885,RED 320 L COLOR ,67,RED 320L COLOR
2784,BOTE N 6/ 35 PZAS 60DLCG-35FFF,67,BOTE N 6/ 35 PZAS 60DLCG-35FFF
1884,RED 320 L BLANCA  ,68,RED 320 L BLANCA    .
3106,ESFERA FIESTA MODELO R901,68,ESFERA FIESTA MODELO R901
3061,FIGURA COPO DE NIEVE 30 L COLOR ACETATO,70,FIG COPO DE NIEVE 30L COLOR ACETATO
2740,MINICANICA V8 140 L LED BLANCA 6 M APROX,70,MINICANICA V8 140 L LED BLANCA
2741,MINICANICA V8 140 L LED CALIDA 6 M APROX,70,MINICANICA V8 140 L LED CALIDA
2742,MINICANICA V8 140 L LED AZUL 6 M APROX,70,MINICANICA V8 140 L LED AZUL
2743,MINICANICA V8 140 L LED BLANCA/AZUL 6 M APROX,70,MINICANICA V8 140L LED BCA/AZUL
3068,BOTE N 6/30 PZAS TS-60LDD-30AAA,70,BOTE N 6/30 PZAS TS-60LDD-30AAA
3070,BOTE N 6/30 PZAS TS-60NDD-30RJD,70,BOTE N 6/30 PZAS TS-60NDD-30RJD
3084,BOTE N 6/30 PZAS TS-60LDD-30D,70,BOTE N 6/30 PZAS TS-60LDD-30D
2598,PORTAL GRANDE,70,PORTAL GRANDE
2809,ARBOL CEPILLO ZG 90CM VERDE,71.1,ARBOL CEPILLO ZG 90CM VDE
2840,PIE DE ARBOL CORONA VERDE Y MO—O ROJO ESTAMPADO,73,PIE DE ARBOL CORNA VDE Y MO—O RJO ESTAMP
2838,PIE DE ARBOL REGALOS Y NOCHEBUENAS ESTAMPADO,73,PIE DE ARBOL REGALOS Y NOCHEBUENAS ESTAMP
2837,PIE DE ARBOL ESTAMPADO CON ARBOLES,73,PIE DE ARBOL ESTAMPADO CON ARBOLES 
2670,LED 300 L ROSA/BLANCO 15M,73.83,LED 300 L ROSA / BLANCO
1934,GUIA DE 10 FOCOS LED CALIDA 3.5M,74,GUIA DE 10 FOCOS LED CALIDA
2428,ESFERA N 8 PLATA BRILLANTE,74,ESFERA N 8 PLATA BRILLANTE
2415,ESFERA N 8 AZUL TURQUEZA DIAMANTADO ,74.5,ESFERA N 8 AZUL TURQ DIAM 
2427,ESFERA N 8 ORO DIAMANTADO,74.5,ESFERA N 8 ORO DIAMANTADO
2431,ESFERA N 8 ROJO DIAMANTADA,74.5,ESFERA N 8 ROJO DIAMANTADA
1927,PUNTA ARBOL LED MO—O BLANCO 60 L ,74.8,PUNTA ARBOL LED MO—O BLANCO 60 L 
1928,PUNTA ARBOL LED MO—O COLOR 60 L ,74.8,PUNTA ARBOL LED MO—O COLOR 60 L 
1982,PI—A DE PINO BICOLOR,75,PI—A DE PINO BICOLOR
2744,MINICANICA V8 200 L LED CALIDA 9.50 M ,75,MINICANICA V8 200 L LED CALIDA 9.50 M
3269,MINICANICA V8 200 L LED COLOR,75,MINICANICA V8 200 L LED COLOR
2625,TAPETE MORADO 2213,75,TAPETE MORADO 2213
2626,TAPETE ROJO 2016,75,TAPETE ROJO 2016
2627,TAPETE VERDE 2014,75,TAPETE VERDE 2014
2628,TAPETE TURQUEZA 2014,75,TAPETE TURQUEZA 2014
3141,ESFERA 20 CM BLANCA JL3308,76,ESFERA 20 CM BLANCA JL3308
3142,ESFERA 20 CM COLOR JL3309,76,ESFERA 20 CM COLOR JL3309
2441,ESFERA N 10 ORO DIAMANTADO,76,ESFERA N 10 ORO DIAMANTADO
2443,ESFERA N 10 ROJO DIAMANTADO,76,ESFERA N 10 ROJO DIAMANTADO
1818,MAGICA 500 L BLANCA 20M ,76.8,MAGICA 500 L BLANCA 
1819,MAGICA 500 L COLOR 20M ,76.8,MAGICA 500 L COLOR 
2778,BOTE N 6 TURQUEZA 35 PZAS 60DLCG-35AC,77,BOTE N 6 TURQUEZA 35 PZAS
3085,BOTE N 6/35 PZAS TS-60TDD-35RJD,77,BOTE N 6/35 PZAS TS-60TDD-35RJD
1866,CASCADA 300 L BLANCA 3.60M,77.9,CASCADA 300 L BCA 3.60M
2002,MANGUERA LED 10 M BLANCA OFERTA,78,MANGUERA LED 10 M BLANCA OFERTA
2910,TEMPORIZADOR,78.41,TEMPORIZADOR
2781,BOTE N 6 PLATA 35 PZAS 60DLCG-35P,78.65,BOTE N 6 PLATA 35 PZAS
2782,BOTE N 6 ROJO 35 PZAS 60DLCG-35RJ,78.65,BOTE N 6 ROJO 35 PZAS
3067,BOTE N 6/35 PZAS TS-60DLCG-35M,78.65,BOTE N 6/35 PZAS TS-60DLCG-35M
3069,BOTE N 6/35 PZAS TS-60LDM-35P,78.65,BOTE N 6/35 PZAS TS-60LDM-35P
3071,BOTE N 6/35 PZAS TS-60TDD-35FFF,78.65,BOTE N 6/35 PZAS TS-60TDD-35FFF
3072,BOTE N 6/35 PZAS TS-60TDD-35CCC,78.65,BOTE N 6/35 PZAS TS-60TDD-35CCC
1846,LED 300 L AZUL 15M,79,LED 300 L AZUL
1850,LED 300 L ROJO 15M,80,LED 300 L ROJO
1958,GUIA TUBITO LED BLANCA,80,GUIA TUBITO LED BLANCA
1959,GUIA TUBITO LED COLOR,80,GUIA TUBITO LED COLOR
1981,GLOBO LED BICOLOR 20 L,80,GLOBO LED BICOLOR 20L
1847,LED 300 L AZUL/BLANCO 15M ,81,LED 300 L AZUL/BLANCO
1849,LED 300 L MORADA/BLANCO 16.4M,81,LED 300 L MORADA/BCO
2669,LED 300 L VERDE/AZUL ,81.5,LED 300 L VERDE / AZUL
2857,RENO C/COSTAL,82.39,RENO C/COSTAL
1882,RED DE PINO LED ,84.24,RED DE PINO LED
3023,FIGURA COPO DE NIEVE 30 L BLANCA ACETATO ,85,FIG COPO DE NIEVE 30L BCA ACETATO
1992,MANGUERA GEL 10 M MORADA,85.49,MANGUERA GEL 10 M MORADA
2688,ESFERA 15 CM COLOR 8 CAMBIOS ,85.5,ESFERA 15 CM COLOR 8 CAMBIOS 
1914,JUEGO 8 BASTONES MED ROJO,87,JUEGO 8 BASTONES MED ROJO
1854,LED 300 L VERDE/MORADA,87.2,LED 300 L VERDE/MOR
2687,BASTON DOBLE AZUL 45 L,88,BASTON DOBLE AZUL 45 L
1929,PUNTA ARBOL LED MO—O ROJO 60 L ,89,PUNTA ARBOL LED MO—O ROJO 60 L 
2710,V3 300 L DESTELLOS BLANCA,89,V3 300 L DESTELLOS BLANCA
2711,V3 300 L DESTELLOS COLOR,89,V3 300 L DESTELLOS COLOR
1932,ARROZ 400 L BLANCO 20M,89.64,ARROZ 400 L BLANCO
1933,ARROZ 400 L COLOR 20M ,89.64,ARROZ 400 L COLOR
1898,MO—O ROJO,90,MO—O ROJO
1840,LED 300 L BLANCA ,90.5,LED 300 L BLANCA
1843,LED 300 L CALIDA C/TRANSP 15M,90.5,LED 300 L CALIDA C/TRANSP
1844,LED 300 L COLOR 15M,90.5,LED 300L COLOR 
1848,LED 300 L MORADA 15M,90.5,LED 300 L MORADA
2746,MINICANICA V8 300 L LED BLANCA/AZUL 14.10 M ,91,MINICANICA V8 300L LED BCA/AZUL
2747,MINICANICA V8 300 L LED BLANCA/ROSA 14.10 M,91,MINICANICA V8 300 L LED BLANCA/ROSA
2003,MANGUERA LED 10 M BICOLOR OFERTA,91,MANGUERA LED 10 M BICOLOR OFERTA
2867,RELOJ ROJO MU—ECO,92,RELOJ ROJO MU—ECO
1994,MANGUERA LED 10 M BLANCA ,93,MANGUERA LED 10 M BLANCA
2869,RELOJ BEIGE SANTA,93,RELOJ BEIGE SANTA
2870,RELOJ BEIGE MU—ECO,93,RELOJ BEIGE MU—ECO
2871,RELOJ BEIGE RENO,93,RELOJ BEIGE RENO
2729,CADENA LED AZUL 300 L,94.5,CADENA LED AZUL 300 L
2730,CADENA LED COLOR 300 L,94.5,CADENA LED COLOR 300 L
2707,ARBOL C/FLORES LED BLANCO ,95,ARBOL C/FLORES LED BLANCO
3221,ARBOL C/FLORES LED CALIDO,95,ARBOL C/FLORES LED CALIDO
2752,MANGUERA LED 10 M OPALINO BLANCA,95,MANGUERA LED 10 M OPALINO BLANCA
2753,MANGUERA LED 10 M OPALINO AZUL,95,MANGUERA LED 10 M OPALINO AZUL
2754,MANGUERA LED 10 M OPALINO MORADO,95,MANGUERA LED 10M OPALINO MORADO
2755,MANGUERA LED 10 M OPALINO ROSA,95,MANGUERA LED 10 M OPALINO ROSA
1953,MINICANICA V8 300 L LED BLANCA 14.10 M,96.3,MINICANICA V8 300 L LED BLANCA 
2789,BOTE N 7 ROJO/ORO 30 PZAS 70LCG-30RJD,96.5,BOTE N 7 ROJO/ORO 30 PZAS
2790,BOTE N 7 PLATA 30PZAS 70DLCG-30P,96.5,BOTE N 7 PLATA 30 PZAS
2727,CADENA LED VERDE/MORADO 300 L,97.5,CADENA LED VERDE/MORADO 300 L
2728,CADENA LED MORADO 300 L,97.5,CADENA LED MORADO 300 L
1871,CASCADA LED 300 L BLANCA 6M,99,CASCADA LED 300 L BLANCA 6M
1874,CASCADA LED 300 L AZUL 6M,99,CASCADA LED 300 L AZUL 6M
1978,FOCO C9 50 L COLOR,99,FOCO C9 50 L COLOR
1997,MANGUERA LED 10 M COLOR ,99.51,MANGUERA LED 10 M COLOR
1873,CASCADA LED 300 L COLOR 6M,100,CASCADA LED 300 L COLOR 6M
3091,GUIA TUBITO LED AZUL,100,GUIA TUBITO LED AZUL
2013,LED 300 L BLANCA FLASH,100,LED 300 L BLANCA FLASH
2274,MO—O LISTON P/ARBOL AZUL,100,MO—O LISTON P/ARBOL AZUL
2275,MO—O LISTON P/ARBOL MORADO ,100,MO—O LISTON P/ARBOL MORADO 
2276,MO—O LISTON P/ARBOL MORADO/ORO ,100,MO—O LISTON P/ARBOL MORADO/ORO 
2277,MO—O LISTON P/ARBOL ORO,100,MO—O LISTON P/ARBOL ORO
2278,MO—O LISTON P/ARBOL PLATA,100,MO—O LISTON P/ARBOL PLATA
2279,MO—O LISTON P/ARBOL PLATA/A. REY ,100,MO—O LISTON P/ARBOL PLATA/A. REY 
2281,MO—O LISTON P/ARBOL ROJO/ORO,100,MO—O LISTON P/ARBOL ROJO/ORO
2283,MO—O LISTON P/ARBOL TURQUEZA ,100,MO—O LISTON P/ARBOL TURQUEZA
2284,6 MO—OS / LISTON ULTIMAS PIEZAS ,100,6 MO—OS / LISTON ULTIMAS PIEZAS
2285,6 MO—OS / LISTON AZUL REY,100,6 MO—OS / LISTON AZUL REY
2286,6 MO—OS / LISTON BLANCO ,100,6 MO—OS / LISTON BLANCO 
2287,6 MO—OS / LISTON CHOCOLATE ,100,6 MO—OS / LISTON CHOCOLATE 
2288,6 MO—OS / LISTON COBRE,100,6 MO—OS / LISTON COBRE
2289,6 MO—OS / LISTON MORADO ,100,6 MO—OS / LISTON MORADO 
2290,6 MO—OS / LISTON ORO ,100,6 MO—OS / LISTON ORO
2291,6 MO—OS / LISTON PLATA DIAMANTADO ,100,6 MO—OS / LISTON PLATA DIAMAMNTADO
2292,6 MO—OS / LISTON PLATA ORGANZA,100,6 MO—OS / LISTON PLATA ORGANZA
2293,6 MO—OS / LISTON ROJO,100,6 MO—OS / LISTON ROJO
2296,6 MO—OS / LISTON TURQUEZA ,100,6 MO—OS / LISTON TURQUEZA 
2607,COJIN SANTA ,102,COJIN SANTA 
2608,COJIN MU—ECO ,102,COJIN MU—ECO 
2866,RELOJ ROJO SANTA Y MU—ECO,102,RELOJ VERDE SANTA Y MU—ECO
2868,RELOJ ROJO SANTA Y RENO,102,RELOJ ROJO SANTA Y RENO
2675,CASCADA LED 300 L AZUL/BCO ,103,CASCADA LED 300 L AZUL/BCO
1965,PAQUETE DE 6 CARAMBANO LED COLOR,103.75,PAQ 6 CARAMBANO LED COLOR
1983,PAQUETE DE 6 CARAMBANO LED BLANCO ,103.75,PAQ 6 CARAMBANO LED BLANCO 
2026,CAMPANA DE METAL ORO 60 L ,105,CAMPANA DE METAL ORO 60 L 
3040,CAMPANA DE METAL PLATA 60 L,105,CAMPANA DE METAL PLATA 60 L
1970,FIGURA PICO DE HIELO 40 L BCA ,105,FIGURA PICO DE HIELO 40 L BCA 
1954,MINICANICA V8 300 L LED CALIDA 14.10 M,105,MINICANICA V8 300 L LED CALIDA
1987,MINICANICA V8 300 L LED COLOR 14.10 M ,105,MINICANICA V8 300 L LED COLOR 
2786,BOTE N 7/ 35 PZAS 70LDM-35COB,105,BOTE N 7/ 35 PZAS 70LDM-35COB
2788,BOTE N 7 ORO 30 PZAS 70DLCG-30D,105,BOTE N 7 ORO 30 PZAS 70DLCG-30D
3073,BOTE N 7/ 35 PZAS TS-70LDM-35RJ,105,BOTE N 7/ 35 PZAS TS-70LDM-35RJ
2558,PIE DE ARBOL VERDE LIMON / MU—ECO DE CHALECO ,105.5,PIE DE ARBOL VERDE LIMON MU—ECO
2560,PIE DE ARBOL OFERTA ,105.5,PIE DE ARBOL OFERTA 
1913,JUEGO 4 BASTONES GDE ROJO,106,JUEGO 4 BASTONES GDE ROJO
1852,LED 300 L ROSA 15M ,107.53,LED 300 L ROSA
2464,BOTE N 7 ROJO/ORO 35 PZAS 70LDD-35RJD,108,BOTE N 7 ROJO/ORO 35 PZAS
2785,BOTE N 7/ 35PZAS 70LDM-35CCC,108,BOTE N 7/ 35PZAS 70LDM-35CCC
2787,BOTE N 7 AZUL/PLATA 35 PZAS 70LDM-35 ,108,BOTE N 7 AZUL/PLATA 35 PZAS 70LDM-35 
1872,CASCADA LED 300 L CALIDA 6M,108.07,CASCADA LED 300 L CALIDA 6M
2793,BOTE N 7 NIEVE 30 PZAS 70NIEVE-30B ,108.11,BOTE N 7 NIEVE 30 PZAS 
2737,FOCO LED LARGO 300 L BLANCA 14.40 M,112.35,FOCO LED LARGO 300 L BLANCA
2738,FOCO LED LARGO 300 L CALIDA 14.40 M,112.35,FOCO LED LARGO 300 L CALIDA
2739,FOCO LED LARGO 300 L COLOR 14.40 M P.P.,112.35,FOCO LED LARGO 300 L COLOR
2794,BOTE N 8 PLATA 24 PZAS 80SDD-24P ,113.56,BOTE N 8 PLATA 24 PZA 
1999,MANGUERA LED 10 M OPALINO COLOR ,113.71,MANGUERA LED 10 M OPALINO COLOR 
1889,RED LED 320 L COLOR,114,RED LED 320 L COLOR
1906,ESFERA LED BLANCA 150 L,115,ESFERA LED BLANCA 150L
2850,CORONA FELIZ NAVIDAD MU—ECO,115,CORONA FELIZ NAVIDAD MU—ECO
2851,CORONA FELIZ NAVIDAD RENO,115,CORONA FELIZ NAVIDAD RENO
1868,CASCADA 500 L BLANCA 8.10M,115.56,CASCADA 500 L BLANCA 8.10M
1869,CASCADA 500 L COLOR 8.10M,115.56,CASCADA 500 L COLOR 8.10M
2836,PIE DE ARBOL BEIGE ESTAMPADO ,116,PIE DE ARBOL BEIGE ESTAMPADO
2841,PIE DE ARBOL VERDE SANTA ESTAMPADO ,116,PIE DE ARBOL VERDE SANTA ESTAMPADO 
2835,PIE DE ARBOL AZUL ESTAMPADO ,116,PIE DE ARBOL AZUL ESTAMPADO
2839,PIE DE ARBOL GUINDA ESTAMPADO ,116,PIE DE ARBOL GUINDA ESTAMPADO 
2000,MANGUERA LED 10 M AZUL,118,MANGUERA LED 10 M AZUL
1870,CASCADA 500 L AZUL 7M ,120,CASCADA 500 L AZUL 7M 
3037,CASCADA LED 500 L MORADA,120,CASCADA LED 500 L MORADA
3038,CASCADA LED 500 L ROSA,120,CASCADA LED 500 L ROSA
2027,COMETA DE METAL 80 L,120,COMETA DE METAL 80 L
2718,5MTS GUIA ESFERAS 12 CAMBIOS ,120,5MTS GUIA ESFERAS 12 CAMBIOS 
2582,COLGANTE DE RENO ,120,COLGANTE DE RENO 
2583,COLGANTE DE TRINEO ,120,COLGANTE DE TRINEO 
2861,CORONA SANTA GORDO,120,CORONA SANTA GORDO
1890,RED LED 320 L AZUL,121.98,RED LED 320 L AZUL
2604,CORONA FELIZ NAVIDAD SANTA,121.98,CORONA FELIZ NAVIDAD SANTA
3264,SERIE DE ALAMBRE 300L  C/FOQUITOS COLOR,122,SERIE DE ALAMBRE 300L  C/FOQUITOS COLOR
1939,GUIA 50 L LED ROJA ,122.4,GUIA 50 L LED ROJA
1940,GUIA 50 L LED CALIDA ,122.4,GUIA 50 L LED CALIDA
1888,RED LED 320 L BLANCA ,123,RED LED 320 L BLANCA 
1902,ESTRELLA 40 L COLOR MULTIFUNCION,125,ESTRELLA 40 L COLOR MULTIFUNCION
1905,ESFERA LED BICOLOR 150 L,125,ESFERA LED BICOLOR 150L
1860,LED 500 L AZUL 25M,126.688,LED 500 L AZUL
2671,LED 500 L BLANCA/AZUL 25M,126.688,LED 500 L BLANCA / AZUL
3153,LED 500 L BLANCA/CALIDA,126.688,LED 500 L BLANCA/CALIDA
1984,CANICA CUETE 200 L BLANCA ,127.5,CANICA CUETE 200 L BLANCA 
3111,PICO DE METAL CHICO ORO JL2125,128,PICO DE METAL ORO CH JL2125
3222,PICO DE METAL CHICO PLATA JL2125,128,PICO DE METAL PLATA CH JL2125
2559,PIE DE ARBOL VERDE / CASITA,129.5,PIE DE ARBOL VERDE/CASITA
1857,LED 500 L BLANCA 25M,130,LED 500 L BLANCA
1980,BOMBILLA LED BICOLOR BCO /AZUL 30L (FIG. HIELO) ,130,BOMBILLA LED BICOLOR BCO/AZL 30L
3007,BOTE N 10 ROJO 16 PZAS TS-100S-1R,130,BOTE N 10 ROJO 16 PZAS 
3039,PAPA NOEL PLASTICO ,130,PAPA NOEL PLASTICO 
2680,CASCADA V8 LED 300L BLANCA 5.8m ,131,CASCADA V8 LED 300L BLANCA 5.8m
2681,CASCADA V8 LED 300L COLOR 5.8m ,131,CASCADA V8 LED 300L COLOR 5.8m
3045,FAROL DE METAL ORO JL2124A 80 L,132,FAROL DE METAL JL2124A 80 L
1861,LED 500 L MORADA/BCO 25M,133,LED 500 L MORADA/BCO
2748,MINICANICA V8 300 L LED ROJA/AZUL/ROSA 14.10 M,133.75,MINICAN V8 300L LED RJ/AZL/RSA
1875,CASCADA LED 300 L MORADA 6M,134.9,CASCADA LED 300 L MORADA 6M
1842,LED 300 CALIDA C/VERDE 15M,135,LED 300 CALIDA C/VERDE
2685,FIGURA PALETA CHICA 66 L,135,FIGURA PALETA CHICA 66 L
2765,MANGUERA PLANA LED 10M BLANCA,138,MANGUERA PLANA LED 10M BLANCA
2766,MANGUERA PLANA LED 10M COLOR,138,MANGUERA PLANA LED 10M COLOR
1855,LED 400 L BLANCA C/VERDE ,140,LED 400 L BLANCA
3214,CASCADA LED 400 L BLANCO ,140,CASCADA LED 400 L BLANCO
2676,CASCADA LED 400 L COLOR 8M,140,CASCADA LED 400 L COLOR 8M
2017,CASCADA LED 300 L BLANCA FLASH 6M ,140,CASCADA LED 300 L BCA FLASH 6M
3005,BOTE N 7 ORO 40 PZS TS-1770S-1O,140,BOTE N 7 ORO 40 PZS TS-1770S-1O
1908,ESFERA LED CALIDA 200 L,142,ESFERA LED CALIDA 200L
1901,ESTRELLA 40 L BLANCA MULTIFUNCION ,142.5,ESTRELLA 40 L BLANCA MULTIFUNCION
1891,RED LED 320 L AZUL/BLANCO ,144.4,RED LED 320 L AZUL/BLANCO
1845,LED 300 L MULTI/BLANCA 15M,144.45,LED 300 L MULTI / BLANCA
3054,CASCADA LED 300 L MULTI/BLANCA,144.45,CASCADA LED 300 L MULTI/BLANCA
2831,PIE DE ARBOL PETALOS AZUL/BCO SANTA PIJAMA ,148,PIE DE ARBOL PETALOS AZUL/BCO SANTA P
2553,PIE DE ARBOL BCO/AZUL SANTA PIJAMA AZUL,148,PIE DE ARBOL BCO/AZUL SANTA PIJAMA A
2834,PIE DE ARBOL PETALOS MOR/BCO AMIGOS,148,PIE DE ARBOL PETALOS MOR/BCO AMIGOS
2745,MINICANICA V8 300 L LED MULTIBLANCA 14.60 M,149.8,MINICANICA V8 300L LED MULTIBCA
1858,LED 500 L CALIDA 25M,150,LED 500 L CALIDA
1859,LED 500 L COLOR 25M,150,LED 500L COLOR
1880,CASCADA LED 600 L BLANCA 6.40M,150,CASCADA LED 600 L BLANCA 6.40M
1907,ESFERA LED BLANCA 200 L,150,ESFERA LED BLANCA 200L
3210,ESFERA DECORADA ROJA C/14,150,ESFERA DECORADA ROJA C/14
3211,ESFERA DECORADA BLANCA C/14,150,ESFERA DEC. BLANCA C/14
1938,GUIA 50 L LED BLANCO 2.4M ,153,GUIA 50 L LED BLANCO
2471,BOTE N 8 CAFE/COBRE 40 PZAS,153,BOTE N 8 CAFE/COBRE 40 PZAS
2979,DESTELLADOR LASER FIGURAS P02,155,DESTELLADOR LASER FIGURAS P02
3258,MU—ECO DE PELUCHE C/MOVIMIENTO SANTA,155,MU—ECO DE PELUCHE C/MOV SANTA
3259,MU—ECO DE PELUCHE C/MOVIMIENTO MU—ECO,155,MU—ECO DE PELUCHE C/MOV MU—ECO
3260,MU—ECO DE PELUCHE C/MOVIMIENTO RENO,155,MU—ECO DE PELUCHE C/MOV RENO
2683,RED V8 LED 320 L BLANCA ,156,RED V8 LED 320 L BLANCA 
2684,RED V8 LED 320 L COLOR,156,RED V8 LED 320 L COLOR
3048,ESFERA DE METAL 120 L ORO,156,ESFERA DE METAL 120 L ORO
3219,ESFERA DE METAL 120L PLATA,156,ESFERA DE METAL  120L PLATA
2672,LED 500 L ARCOIRIS 25M,158.36,LED 500 L ARCOIRIS
1879,CASCADA LED 500 L COLOR 10M,160,CASCADA LED 500 L COLOR 10M
1909,ESFERA LED BICOLOR 200 L,160,ESFERA LED BICOLOR 200L
3125,VENADO ACRILICO CALIDO 31 CM,160,VENADO ACRILICO CALIDO 31 CM
3130,2 ESFERAS DE LED METALICA ROJO 120 L,160,ESFERA DE LED METALICA ROJO 120 L
3131,2 ESFERAS DE LED METALICA PLATA 120 L,160,ESFERA DE LED METALICA PLATA 120 L
3132,2 ESFERAS DE LED METALICA ORO 120 L,160,ESFERA DE LED METALICA ORO 120 L
3074,BOTE N 7/ 50 PZAS TS-70S-3AC,160,BOTE N 7/ 50 PZAS TS-70S-3AC
3075,BOTE N 7/ 50 PZAS TS-70S-3M,160,BOTE N 7/ 50 PZAS TS-70S-3M
3076,BOTE N 7/ 50 PZAS TS-70S-3O,160,BOTE N 7/ 50 PZAS TS-70S-3O
3077,BOTE N 7/ 50 PZAS TS-75S-1O,160,BOTE N 7/ 50 PZAS TS-75S-1O
2589,NACIMIENTO MINI COLOR,160,NACIMIENTO MINI COLORES
3046,PICO DE METAL MEDIANO 100L ORO,161.6,PICO DE METAL MED 100L ORO
3047,PICO DE METAL MEDIANO 100L PLATA,161.6,PICO DE METAL MED 100L PLATA
2696,LUCERO DE METAL ORO 80 L ,163,LUCERO DE METAL ORO 80 L
2984,LUCERO DE METAL PLATA 80 L,163,LUCERO DE METAL PLATA 80 L
1877,CASCADA LED 500 L BLANCA 10M,163.71,CASCADA LED 500 L BLANCA 10M
3055,CASCADA LED 500 L AZUL,163.71,CASCADA LED 500 L AZUL
2561,JUEGO DE BA—O AZUL /  MU—ECO DE NIEVE PATITAS ,166.92,JUEGO DE BA—O AZUL 
2749,MINICANICA V8 500 L LED BLANCA 24.30 M,167,MINICANICA V8 500 L LED BLANCA
2750,MINICANICA V8 500 L LED COLOR 24.30 M,167,MINICANICA V8 500 L LED COLOR
3282,BOTE N 10 ROJA TS-014-RJ,167,BOTE N 10 ROJA TS-014-RJ
3280,BOTE DE ESFERA TS-014-CCC,167,BOTE DE ESFERA TS-014-CCC
3281,BOTE N 10 PLATA TS-014-P,167,BOTE N 10 PLATA TS-014-P
2806,BOTE N 10 ROJO/ORO 20 PZAS 100DLD-20RJD,167,BOTE N 10 ROJO/ORO 100DLD-20RJD
2808,BOTE N 10/ 20 PZAS 100DLD-20AAA,168,BOTE N 10 AZUL CORAL 20 PZAS 100DLD-20AAA
3261,PIE DE ARBOL VERDE DUENDE ,168,PIE DE AÅRBOL VERDE DUENDE
2473,BOTE N 8 MORADA 40 PZAS 80DLCG-40M,169,BOTE N 8 MORADA 40 PZAS 80DLCG-40M
2475,BOTE N 8 PLATA 40 PZAS 80DLCG-40P ,169,BOTE N 8 PLATA 40 PZAS 80DLCG-40P 
2796,BOTE N 8 ROJO/ORO 40 PZAS 80DLCG-40RJD,169,BOTE N 8 ROJO/ORO 40 PZAS 80DLCG-40RJD
2797,BOTE N 8/ 40 PZAS 80DLCG-40FFF,169,BOTE N 8 AZUL 40 PZAS 80DLCG-40FFF
2798,BOTE N 8 AZUL/PLATA 48 PZAS 80FCN-48PAA,169,BOTE N 8 AZUL/PLATA 48 PZAS 80FCN-48PAA
2804,BOTE N 8 LIBRE,169,BOTE N 8 LIBRE
3006,BOTE N 8 ROJO 40 PZAS TS-80S-3R,169,BOTE N 8 ROJO 40 PZAS TS-80S-3R
2474,BOTE N 8 ORO 40 PZAS  TS-80S-3O,169.05,BOTE N 8 ORO 40 PZAS TS80S3O
2551,PIE DE ARBOL AZUL CIELO /AZUL REY MUN NIEVE,170,PIE DE ARBOL AZUL CIELO / AZUL REY MUN NIEVE
2552,PIE DE ARBOL BLANCO C/SANTA UVA ,170,PIE DE ARBOL BLANCO C/SANTA UVA 
2555,PIE DE ARBOL COCOA / RENO OVEROL,170,PIE DE ARBOL COCOA
2832,PIE DE ARBOL BEIGE CON MU—ECOS DE NIEVE,170,PIE DE ARBOL BEIGE 
2833,PIE DE ARBOL ONDAS GUINDA C/VARIAS FIGURITAS,170,PIE DE ARBOL ONDAS GUINDA
2557,PIE DE ARBOL DUENDES SENTADOS PATITAS,170,PIE DE ARBOL DUENDES SENTADOS PATITAS
2978,PIE DE ARBOL TRENECITO,170,PIE DE ARBOL TRENECITO
1892,RED LED 320 L MORADA ,174,RED LED 320 L MORADA
2795,BOTE N 8/ 40 PZAS 80DLCG-40CCC,177.463067,BOTE N 8/ 40 PZAS 80DLCG-40CCC
3140,FAROL DE METAL JL2124B 100 L,177.6,FAROL DE METAL JL2124B 100 L
2700,ESTRELLA NEON 63 CM BLANCA ,180,ESTRELLA NEON 63 CM BLANCA 
2702,ESTRELLA NEON 63 CM ROJO ,180,ESTRELLA NEON 63 CM ROJO 
2703,ESTRELLA NEON 63 CM VERDE ,180,ESTRELLA NEON 63 CM VERDE 
2562,JUEGO DE BA—O BLANCO /  RENO PATITAS,180,JUEGO DE BA—O BLANCO
2563,JUEGO DE BA—O COCOA / SANTA BARBON ORO,180,JUEGO DE BA—O COCOA
2565,JUEGO DE BA—O MANTA / SANTA,180,JUEGO DE BA—O MANTA
2566,JUEGO DE BA—O ROJO/SANTA DOBLE VISTA,180,JUEGO DE BA—O ROJO/SANTA DOBLE
2584,NACIMIENTO CHICO AZUL,180,NACIMIENTO CHICO AZUL
2585,NACIMIENTO CHICO MORADO,180,NACIMIENTO CHICO MORADO
2586,NACIMIENTO CHICO ORO,180,NACIMIENTO CHICO ORO
2587,NACIMIENTO CHICO ROJO,180,NACIMIENTO CHICO ROJO
2980,NACIMIENTO CHICO COLORES,180,NACIMIENTO CHICO COLORES
2694,MO—O DE METAL  100 L,188,MO—O DE METAL  100 L
2693,PICO DE METAL GRANDE 120 L ORO,193.6,PICO DE METAL 120 L GRANDE ORO
3034,PICO DE METAL GRANDE 120 L PLATA,193.6,PICO DE METAL 120 L PLATA GRANDE
2677,CASCADA V3 DESTELLOS 480 L BCA 6.15M,199,CASCADA V3 DESTELLOS 480L BCA 6.15M
2348,CORONA CH BCA AZUL/PLATA,200,CORONA CH BCA AZUL/PLATA
2349,CORONA CH BCA PASTEL,200,CORONA CH BCA PASTEL
2350,CORONA CH BCA TURQUEZA/MOR,200,CORONA CH BCA TURQUEZA/MOR
2352,CORONA CH BCA ORO/ROJO,200,CORONA CH BCA ORO/ROJO
2353,CORONA CH VDE AZUL/PLATA,200,CORONA CH VDE AZUL/PLATA
2354,CORONA CH VDE PASTEL,200,CORONA CH VDE PASTEL
2355,CORONA CH VDE TURQUEZA/MOR/VDE,200,CORONA CH VDE TQZA/MOR/VDE
2356,CORONA CH VDE ROJO/BLANCO,200,CORONA CH VDE ROJO/BLANCO
2357,CORONA CH VDE ORO/ROJO,200,CORONA CH VDE ORO/ROJO
3284,CORONA CH VDE ROJO/VERDE,200,CORONA CH VDE ROJO/VERDE
2484,ARBOL ZG 150 ZSB,200,ARBOL ZG 150 ZSB
2590,NACIMIENTO CABEZON ORO,200,NACIMIENTO CABEZON ORO
2591,NACIMIENTO CABEZON ROJO,200,NACIMIENTO CABEZON ROJO
3152,FAMILIA PING‹INO ACRILICO JL2061,200,FAMILIA PING‹INO ACRILICO JL2061
2881,MU—ECO CHAMARRA PLASTICO,203,MU—ECO CHAMARRA PLASTICO
2476,BOTE N 8 ROJO/ORO 48 PZAS 80FCN-48RJD,208,BOTE N 8 ROJO/ORO 48 PZAS
2801,BOTE N 8 ORO 48 PZAS 80FCN-48D,208,BOTE N 8 ORO 48 PZAS
2616,PATAS CORTAS SANTA VERDE/ROJO,210,PATAS CORTAS SANTA VERDE/ROJO
2617,PATAS CORTAS MU—ECO VERDE/ROJO ,210,PATAS CORTAS MU—ECO VERDE/ROJO 
2618,PATAS CORTAS RENO VERDE/ROJO ,210,PATAS CORTAS RENO VERDE/ROJO 
2799,BOTE N 8 AZUL 48 PZAS 80FCN-48AF,210.4904,BOTE N 8 AZUL 48 PZAS
2802,BOTE N 8 PLATA 48 PZAS 80FCN-48P,210.4904,BOTE N 8 PLATA 48 PZAS
1903,TRES ESFERAS LED BLANCA 300 L ,215,TRES ESFERAS LED BCA 300 L 
2600,SANTA NI—O PLASTICO,215,SANTA NI—O PLASTICO
2601,RENO CON CHALECO PLASTICO,215,RENO CON CHALECO PLASTICO
2481,ARBOL ZG 150 ZB BLANCO,215.56,ARBOL ZG 150 ZB BLANCO
1862,LED 600 L BLANCA 30M,217.46,LED 600 L BLANCA
1864,LED 700 L BLANCA 35M,219,LED 700 L BLANCA
1865,LED 700 L COLOR 35M,219,LED 700 L COLOR
3079,MU—ECO ACRILICO 44 CM JL2052,224,MU—ECO ACRILICO 44CM JL2052
3137,INFLABLE 0.80M MU—ECO ML9122,225,0.80M MU—ECO ML9122
3008,ACRILICO TRES MU—ECOS JL2060,230,ACRILICO TRES MU—ECOS JL2060
3009,ACRILICO VENADO CALIDO JL2065,230,ACRILICO VENADO CALIDO JL2065
1976,CORTINA 320 L MAGICA BLANCA ,230,CORTINA 320 L MAGICA BLANCA
1977,CORTINA 320 L MAGICA COLOR ,230,CORTINA 320 L MAGICA COLOR 
2482,ARBOL REAL Z 150 VERDE ,230.95,ARBOL REAL Z 150 VERDE 
2852,PATAS LARGAS SANTA ROJ/VDE ,239.68,PATAS LARGAS SANTA ROJ/VDE
2853,PATAS LARGAS MU—ECO ROJ/VDE ,239.68,PATAS LARGAS MU—ECO ROJ/VDE
2854,PATAS LARGAS RENO ROJ/VDE ,239.68,PATAS LARGAS RENO ROJ/VDE
3011,REGALO CUADRADO METAL ROJO JL2143,240,REGALO CUADRADO METAL ROJO
3035,REGALO CUADRADO METAL ORO JL2143,240,REGALO CUADRADO METAL ORO
3081,REGALO REDONDO METAL ROJO,240,REGALO REDONDO METAL ROJO
3223,REGALO REDONDO METAL ORO ,240,REGALO REDONDO METAL ORO 
3050,OSO FAMILIA ACRILICO ,240,OSO FAMILIA ACRILICO 
3127,SANTA CLAUSS ACRILICO 63CM JL2059,240,SANTA CLAUSS ACRILICO 63CM JL2059
2699,LUCERO METAL DETALLE ROJ/VDE 80 L,243,LUCERO METAL DETALLE ROJ/VDE
1904,TRES ESFERAS LED BICOLOR 300 L ,245,TRES ESFERAS LED BICOLOR 300 L
2698,MO—O DE METAL DETALLES ROJO/VDE 80 L,245,MO—O METAL DETALLES ROJO/VDE 80L
3253,MANGUERA DE TIRA DE LEDS MULTICOLOR 10 M,245,MANGUERA DE TIRA DE LEDS MULTICOLOR 10 M
2577,CAMINO DE MESA SANTA,245,CAMINO DE MESA SANTA
2610,PATAS LARGAS SANTA CUADROS ,245,PATAS LARGAS SANTA CUADROS 
2611,PATAS LARGAS MU—ECO CUADROS ,245,PATAS LARGAS MU—ECO CUADROS 
2599,OSO NAVIDE—O PLASTICO,250,OSO NAVIDE—O PLASTICO
2695,VENADO 70 CM METAL DORADO,252,VENADO 70 CM METAL
2480,ARBOL ZG 150 HZ VERDE,255.6,ARBOL ZG 150 HZ VERDE
3080,MINICANICA V8 500 L LED MULTI/CALIDO,256.8,MINICANICA V8 500L LED MULTI/CALIDO
3143,CAJA DE REGALO CAMBRAY ROJO C/VDE JL3311,264,CAJA DE REGALO ROJO C/VDE JL3311
3144,CAJA DE REGALO CAMBRAY ORO C/ROJO JL3312,264,CAJA DE REGALO ORO C/ROJO JL3312
3145,CAJA DE REGALO CAMBRAY ROJO C/ORO JL3313,264,CAJA DE REGALO ROJO C/ORO JL3313
3138,INFLABLE 0.80M MU—ECO FELIZ NAVIDAD ML9125,265,0.80M MU—ECO FELIZ NAVIDAD ML9125
3139,INFLABLE 0.80M SANTA ML9126,265,0.80M SANTA ML9126
2882,FAROL PLASTICO,265,FAROL PLASTICO              .
1881,CASCADA LED 600 L COLOR 6.40M ,272,CASCADA LED 600L COLOR 6.4M
3004,FIGURA COPO DE NIEVE METAL BLANCA 80CM,280,FIG COPO DE NIEVE METAL BCA 80CM
3250,ESFERA DE LED METALICA ORO 240 L,280,ESFERA DE LED METALICA ORO 240 L
3251,ESFERA DE LED METALICA PLATA 240L,280,ESFERA DE LED METALICA PLATA 240L
3252,ESFERA DE LED METALICA ROJO 240L,280,ESFERA DE LED METALICA ROJO 240L
2678,CASCADA LED 1000L BLANCA 20M,293,CASCADA LED 1000L BLANCA 20M
2679,CASCADA LED 1000L COLOR 20M,293,CASCADA LED 1000L COLOR 20M
2704,ARBOL GOTA DE AGUA AZUL/BCO 128 L ,300,ARBOL GOTA DE AGUA AZUL/BCO 128 L
2705,ARBOL GOTA DE AGUA BICOLOR 128 L ,300,ARBOL GOTA DE AGUA BICOLOR 128 L
2706,ARBOL GOTA DE AGUA BLANCA 128 L ,300,ARBOL GOTA DE AGUA BLANCA 128 L
3136,INFLABLE 0.80M OSO C/ESFERA ML9121,304,0.80M OSO C/ESFERA ML9121
2828,INFLABLE 1.20m PING‹INO CHALECO JL96133,310,1.20m PING‹INO CHALECO
1917,VENADO 80 CM METAL ORO,315.2,VENADO 80 CM METAL ORO
2486,ARBOL ZG 180 ZB BCO,318.6,ARBOL ZG 180 ZB BCO
2697,ANGEL DE METAL 100 L,325,ANGEL DE METAL 100 L
2810,ARBOL ZG 150 A VERDE ,325.88,ARBOL ZG 150 A VERDE 
2511,INFLABLE 1.50m TRINEO RENOS PARADOS JL96045,340,1.50m TRINEO RENOS PARADOS
2512,INFLABLE 0.60m ESFERA CON OSOS JL96095,340,0.60m ESFERA CON OSOS
2580,SANTA GIGANTE ROJO,342,SANTA GIGANTE ROJO
3053,DESTELLADOR LASER PUNTOS Y FIGURAS P04,350,DESTELLADOR LASER PUNTOS Y FIGURAS P04
3278,DESTELLADOR LASER PUNTOS P03,350,DESTELLADOR LASER PUNTOS  P03
2654,50cm ACRILICO MU—ECO DE NIEVE ,360,50cm ACRILICO MU—ECO DE NIEVE 
2655,42cm ACRILICO VENADO ,360,42cm ACRILICO VENADO 
2358,CORONA GDE BCA AZUL/PLATA,380,CORONA GDE BCA AZUL/PLATA
2359,CORONA GDE BCA PASTEL,380,CORONA GDE BCA PASTEL
2360,CORONA GDE BCA COBRE/BCO,380,CORONA GDE BCA COBRE/BCO
2361,CORONA GDE BCA TURQUEZA/MOR/VDE,380,CORONA GDE BCA TQZA/MOR/VDE
2363,CORONA GDE BCA ORO/BEIGE,380,CORONA GDE BCA ORO/BEIGE
2365,CORONA GDE VDE AZUL/PLATA,380,CORONA GDE VDE AZUL/PLATA
2366,CORONA GDE VDE PASTEL,380,CORONA GDE VDE PASTEL
2367,CORONA GDE VDE COBRE/BLANCO,380,CORONA GDE VDE COBRE/BLANCO
2368,CORONA GDE VDE TURQUEZA/MOR/VDE,380,CORONA GDE VDE TQZA/MOR/VDE
2369,CORONA GDE VDE ROJO/BLANCO,380,CORONA GDE VDE ROJO/BLANCO
2370,CORONA GDE VDE ORO/ROJO,380,CORONA GDE VDE ORO/ROJO
2371,CORONA GDE VDE ORO/BEIGE,380,CORONA GDE VDE ORO/BEIGE
3283,CORONA GDE VDE ROJO/VERDE,380,CORONA GDE VDE ROJO/VERDE
2373,CORONA GDE ULTIMAS PIEZAS,380,CORONA GDE ULTIMAS PIEZAS
2485,ARBOL ZG 180 HZ VDE,381.6,ARBOL ZG 180 HZ VDE
3220,VENADO 80 CM METAL PLATA,395,VENADO 80 CM METAL PLATA
1995,VENADO LED 150 L ,400,VENADO LED 150 L 
3010,80 CM MU—ECO DE NIEVE ,400,80 CM MU—ECO DE NIEVE 
3012,MU—ECO METAL JL2145,400,MU—ECO METAL JL2145
3015,VENADO TERCIOPELO ORO 1m,400,VENADO TERCIOPELO ORO 1m
3049,MU—ECO DE METAL 80CM ORO JL2149,400,MU—ECO DE METAL 80CM ORO
2496,ARBOL ZG 210 ZSB BLANCO ,400,ARBOL ZG 210 ZSB BLANCO 
2520,INFLABLE 2.10 CARUSEL JL96060,400,INFLABLE 2.10 CARUSEL
3051,INFLABLE DE ARBOL GIRATORIO  JL96050,400,INFLABLE ARBOL GIRATORIO
2593,NACIMIENTO GRANDE AZUL,400,NACIMIENTO GRANDE AZUL
2594,NACIMIENTO GRANDE MORADO,400,NACIMIENTO GRANDE MORADO
3134,INFLABLE 0.60M ESFERA RENO Y SANTA ML9056,404,0.60M ESFERA RENO Y SANTA ML9056
2595,NACIMIENTO GRANDE ORO,410,NACIMIENTO GRANDE ORO
2596,NACIMIENTO GRANDE ROJO ,410,NACIMIENTO GRANDE ROJO 
3014,TRINEO FLASH JL3304 ,420,TRINEO FLASH JL3304
3112,FIGURA TRES VELAS JL2183,424,FIGURA TRES VELAS JL2183
3154,NACIMIENTO TRADICIONAL ORO,430,NACIMIENTO TRADICIONAL ORO
2497,ARBOL ZG 210 ZB BLANCO,438.32,ARBOL ZG 210 ZB BLANCO
3078,VENADO ACRILICO 60 CM JL2036,440,VENADO ACRILICO 60CM JL2036
2498,ARBOL REAL Z 210 BLANCO ,445.35,ARBOL REAL Z 210 BLANCO 
2813,ARBOL ZG 180 A VERDE,449.92,ARBOL ZG 180 A VERDE
3215,CASCADA LED 700 L BLANCO,450,CASCADA LED 700 L BLANCO
3216,CASCADA LED 700 L COLOR ,450,CASCADA LED 700 L COLOR
3213,VILLA NAVIDE—A CON SANTA CLAUS,470,VILLA NAVIDE—A C/ SANTA
2533,INFLABLE 1.20m OSO CON SANTA JL96096,490,1.20m INFLABLE OSO CON SANTA
2495,ARBOL ZG 210 HZ VERDE,497.72,ARBOL ZG 210 HZ VERDE
3016,VENADO TERCIOPELO ORO 1.20m,500,VENADO TERCIOPELO ORO 1.20m
2817,ARBOL ZG 240 ZB BCO ,500,ARBOL ZG 240 ZB BCO 
2517,INFLABLE 2.40m SANTA CON FAROL ,500,2.40m SANTA CON FAROL 
2815,ARBOL ZG 210 A VERDE,556.2,ARBOL ZG 210 A VERDE
3212,VILLA NAVIDE—A C/ARBOL TRANSPARENTE,565,VILLA NAVIDE—A. C/ARBOL TRANSP
2820,INFLABLE 1.80m MU—ECO C/ PERRITO PIPI JL96108,570,1.80m MU—ECO C/ PERRITO PIPI
2949,INFLABLE 2.40M MU—ECO QUE TIEMBLA JL96077,590,2.40M MU—ECO QUE TIEMBLA
2510,INFLABLE SANTA EN CUATRIMOTO ,610,SANTA EN CUATRIMOTO 
3124,VENADO 120 CM METAL JL2138,623.2,VENADO 120 CM METAL JL2138
2509,INFLABLE 1.80m OSO CON PING‹INOS ,630,1.80m OSO CON PING‹INOS 
3113,MU—ECO ACRILICO 62 CM JL2029,640,MU—ECO ACRILICO 62 CM JL2029
2829,INFLABLE 1.80m OSO CON OSITO JL96136,680,1.80m OSO CON OSITO
2531,INFLABLE 1.50m ESFERA TRINEO CON BASE JL96035,700,1.50m ESFERA TRINEO CON BASE
2824,INFLABLE 1.80m OSO PING‹INOS C/ESFERA JL96119,700,1.80m OSO PING‹INOS C/ESFERA
3135,INFLABLE 1.80M HELICOPTERO ML9102,704,1.80M HELICOPTERO ML9102
2950,INFLABLE 1.80M PING‹INOS TEMBLANDO JL96107,710,1.80M PING‹INOS TEMBLANDO
2535,INFLABLE 1.50m TRINEO VOLANDO JL96101,720,INFLABLE 1.50m TRINEO VOLANDO
2507,INFLABLE 2.40m OSO POLAR CON PING‹INOS JL96084,730,2.40m OSO POLAR CON PING‹INOS
2822,INFLABLE 1.80m ESFERA C/MU—ECO ARRIBA JL96083,730,1.80m ESFERA C/MU—ECO ARRIBA
2827,INFLABLE 2.10M MU—ECO DE NIEVE C/PING‹INOS JL96130,750,2.10m MU—ECO DE NIEVE C/PING‹INOS 
3267,INFLABLE 2.40M SANTA CON LETRERO Y REGALOS JL96139,750,INFLABLE 2.40M SANTA CON LETRERO Y REGALOS
2489,ARBOL ZG 1.80 NV NEVADO,750.6,ARBOL ZG 1.80 NV NEVADO
3013,ANGEL CON FLAUTA METAL JL2151 ,800,ANGEL CON FLAUTA METAL JL2151
2821,INFLABLE 1.50m TREN C/SANTA  JL96075,820,1.50m TREN C/SANTA 
3268,INFLABLE 2.40M MU—ECO CON LETRERO Y REGALO JL96145,820,INFLABLE 2.40M MU—ECO CON LETRERO Y REGALO
2825,INFLABLE 1.50m SANTA Y MU—ECO EN SUBE/BAJA JL96122,850,1.50m SANTA Y MU—ECO EN SUBE/BAJA
3057,INFLABLE 1.50M ESFERA MU—ECO,893,1.50m ESFERA MU—ECO
3277,ARBOL NEVADO 2.1 M,1027.8,ARBOL NEVADO 2.1 M
2519,INFLABLE 2.40 NACIMIENTO GRANDE JL96055,1050,2.40 NACIMIENTO GRANDE
2819,INFLABLE 1.80m CARRUSEL ANCHO JL96080,1100,1.80m CARRUSEL ANCHO
2518,INFLABLE MU—ECO DE NIEVE GIGANTE 4M JL96141,1120,MU—ECO DE NIEVE GIGANTE 4M
2823,INFLABLE 1.90m CAMPANARIO JL96115,1200,1.90m CAMPANARIO 
3265,INFLABLE SANTA CLAUS GIGANTE 4M JL96140,1200,INFLABLE SANTA CLAUS GIGANTE 4M 
3266,INFLABLE ARBOL Y MU—ECO DE NIEVE GIGANTE 4M JL96138,1260,INFLABLE ARBOL Y MU—ECO DE NIEVE GIGANTE 4M
2756,MANGUERA CORRUGADA MORADA,45365,MANGUERA CORRUGADA MORADA
