id,order,name,price,
1809,17728,Serie 100 Luces Blanca,15,882
1811,17748,Guía con 8 Tubitos LED Blanco/Azul 2.1M ,1,3088
1812,16528,Manguera Plana LED Verde 10m,158,3073
1813,16530,Manguera Plana LED Blanco/Rosa 10m,158,3075
1816,123456,Trio Navideño de Plastico,370,1360
1817,30029,Pie de Arbol Estamp Nochebuenas Bco,72,3403
1818,16531,Manguera Plana LED Morada 10m,158,3074
1821,10031,Serie LED 50 Luces Blanca C/Transparente 3.5M,25,3371
1822,10034,Serie LED 50 Luces Calida c/Verde 6.5M,29,3304
1823,10033,Serie LED 50 Luces Calida C/Transparente 3.5M,25,3540
1824,10036,Serie LED 50 Luces Color c/Verde 6.5M,29,3305
1825,10035,Serie LED 50 Luces Color C/Transparente 3.5M,25,3170
1827,10039,Serie Led 50 Luces Morada c/Morado,29,3149
1828,10061,Serie LED 100 Luces Blanca C/Transparente 5.5M,34,3369
1829,10064,Serie LED 100 Luces Calida c/Verde 5.5M,33,3306
1830,10066,Serie LED 100 Luces Color c/Verde 5.5M,33,3307
1831,10068,Serie LED 100 Luces Azul c/Azul6M,36.2,2921
1832,10069,Serie LED 100 Luces Morada c/Morado,33,2902
1833,10092,Serie Musical LED 140 Luces Blanca c/Verde 7.6M,68,3156
1834,10094,Serie Musical LED 140 Luces Calida  c/Verde 7.6M,68,2513
1835,10095,Serie Musical LED 140 Luces Color C/Transparente 6.2M,61,3335
1836,62084,Bote 30 Esferas 5CM Azul/Plata P6130C-1,75,3487
1837,10122,Serie LED 140 Luces Blanca c/Verde7.6M,68,2292
1838,10121,Serie LED 140 Luces Blanca C/Transparente 7M,57.5,3114
1839,62156,Bote 30 Esferas 5CM Morado/Lila/Plata P6130C-2,75,3497
1840,10181,Serie LED 300 Luces Blanca C/Transparente 16.4M,109,3336
1841,62984,Bote 30 Esferas 6CM Azul/Plata P6131-1,107,3500
1842,10184,Serie LED 300 Luces Calida c/Verde 15M,109,3309
1843,10183,Serie LED 300 Luces Calida C/Transparente 15M,109,3337
1844,10185,Serie LED 300 Luces Color C/Transparentep 15M,109,3340
1845,63018,Bote 30 Esferas 6CM Chocolate P6131-3,89,3490
1846,10188,Serie LED 300 Luces Azul C/Azul 15M,109,3338
1847,63057,Bote 30 Esferas 6CM Morado/Lila/Plata P6131-2,107,3489
1848,10189,Serie LED 300 Luces Morada C/Morado 15M,109,2740
1849,63918,Bote 30 Esferas 7CM Chocolate P6130D-2,139,3499
1850,10191,Serie LED 300 Luces Roja C/Rojo 15M,109,3445
1851,63956,Bote 30 Esferas 7CM Morado/Lila/Plata P6130D-1,162,3498
1852,64781,Bote 30 Esferas 8CM Azul P6131E-3,215,3495
1853,10198,Serie LED 300 Luces Verde C/Verde 15M,109,2493
1854,64817,Bote 30 Esferas 8CM Chocolate P6131E-2,195,3494
1855,64862,Bote 30 Esferas 8CM Oro P6131E-4,215,3492
1856,64856,Bote 30 Esferas 8CM Morado/Lila/Plata P6131E-1,223,3493
1857,10241,Serie LED 500 Luces Blanca C/Transparente 25M,133,3501
1858,10243,Serie LED 500 Luces Calida C/Transparente 25M,133,3400
1859,10245,Serie LED 500 Luces Color C/Transparente 25M,133,3482
1861,64907,Bote 30 Esferas 8CM Rojo P6131E-5,215,3496
1862,64793,"Bote 30 Esferas 8CM Blanco P6130E	",236,3237
1863,62993,Bote 30 Esferas 6CM Blanco P6130,123,3236
1864,64818,Bote 30 Esferas 8CM Chocolate/Oro,253,1103
1865,64820,Bote 30 Esferas 8CM Chocolate/Cobre,218,777
1870,51887,Inflable 1.8M Santa Traje Metalico Rojo JL96302,1150,3418
1871,14041,Cascada LED 300 Luces Blanca C/Transparente 6 M,101,3388
1872,14042,Cascada LED 300 Luces Calida C/Transparente 6 M,101,3176
1873,14043,Cascada LED 300 Luces Color C/Transparente 6M,101,3380
1874,14045,Cascada LED 300 Luces Azul C/Azul 6M,106,3110
1875,52001,Inflable 2M Oso c/Muñeco Arriba JL96314,1080,3183
1877,14081,Cascada LED 500 Luces Blanca C/Transparente 10M,164,3173
1878,29472,Rollo Liston 50 M Escoses 903-43,215.65,3104
1879,14083,Cascada LED 500 Luces Color C/Transparente 10M,164,3328
1880,29473,Rollo Liston Oro H843403,229.9,3106
1881,29443,Metro Liston Oro H843403,212,761
1882,29474,Rollo Liston Rojo H843206,246.05,3107
1883,17746,Guia con 8 Tubitos LED Calida 2.1M,112,2393
1885,40261,Arbol 1.50M Verde Nevado ZG150A/D,423.9,3253
1887,40367,Arbol 1.80M Verde Nevado ZG180A/D,585.9,3254
1888,17421,Red LED 320 Luces Blanca C/Transp 1.6X1.9M,135,3384
1889,17423,Red LED 320 Luces Color C/Transp 1.6X1.9M,135,3385
1890,17424,Red LED 320 Luces Blanco/Azul 1.85X1.65M,135,3141
1891,40467,Arbol 2.10M Verde Nevado ZG210A/D,701.6,3255
1892,62162,Bote 30 Esferas 5CM TS-503-30D,71.4,3095
1893,17682,Destellador Laser 4 Tarjetas Intercambiables ML5000C,127.5,598
1894,62189,Bote 30 esferas 5CM TS-503-30P,71.4,3346
1895,41252,Pino Acero LED Calido 1.2M ,335,418
1896,41253,Pino Acero LED Color 1.2M ,335,419
1897,17661,Foco Tipo Rosquilla,34.94,2422
1899,41451,Pino Acero LED Color 1.8M ,378,421
1900,41452,Pino Acero LED Calido 1.8M ,378,420
1910,59254,Inflable 1.50M Gato c/Mov Negro,780,3175
1911,63919,Bote 30 Esferas 7CM Chocolate/Oro,285,1388
1912,64046,Bote 30 Esferas 7CM Verde/Oro,99,873
1913,17855,Juego 4 Bastones Gde LED Rojo,153,3392
1914,17853,Juego 8 Bastones Med LED Rojo 2.3M,120,3398
1915,14242,Cascada Minicanica V8 LED 500 Luces Calida C/Blanco 10M,226,3144
1916,14202,Cascada Minicanica V8 LED 300 Luces Calida C/Blanco 6M,133,3147
1918,16984,Metro de Manguera Led Bicolor,13.62,3023
1919,64784,Bote 30 Esferas 8CM Azul/Plata,1985.5,2741
1920,17601,Punta de Arbol 10 Luces Blanca Chica,30.5,3324
1921,17602,Punta de Arbol 10 Luces Bicolor Chica,38,2406
1922,52107,Inflable 2.1M Muneco de Nieve C/Movimiento WS30137M,789,1407
1925,17631,Punta de Arbol 18 Luces LED Bicolor Dorada JL3306,60,3332
1926,17621,Punta de Arbol 18 Luces LED Calida Dorada JL3306BB,60,3351
1930,17641,Punta de Arbol 18 Luces LED Calida Dorada JL3307,82,3178
1932,59932,Pesebre,80,3484
1933,9054,Control Tira LED Doble Foco c/Mov,32,3432
1934,9056,Cople para Tira Doble Foco,3.5,3434
1935,17725,Serie Rosa Tipo DIM LED 28 Luces Roja,81.8,377
1936,17724,Serie Rosa Tipo DIM LED 28 Luces Color,81.8,376
1937,9055,Cople para Tira Sencilla,3,3435
1938,64838,Bote 30 Esferas 8CM Fiusha/Plata,40,1173
1939,64937,Bote 30 Esferas 8CM Turquesa/Plata,40,1176
1940,64943,Bote 30 Esferas 8CM Verde Combinado,40,1174
1941,10424,Serie Minicanica V8 LED 50 Luces Calida 3.4M,29,3415
1942,64889,Bote 30 Esferas 8CM Plata,30.47,1945
1943,10422,Serie Minicanica V8 LED 50 Luces Blanca 3.4M,29,3414
1944,10463,Serie Minicanica V8 LED 100 Luces Bco/Az c/Verde 6.6M,45,3129
1946,10454,Serie Minicanica V8 LED 100 Luces Calida c/Verde 6.5M,45,3131
1947,10452,Serie Minicanica V8 LED 100 Luces Blanca c/Verde 6.5M,42,3181
1948,10456,Serie Minicanica V8 LED 100 Luces Color c/Negro 6.5M,42,3396
1949,20236,Flor Pedreria Chica Verde A05287,7.5,857
1950,17861,Esfera Transparente de Santa c/Luz,15.5,3477
1951,28041,Nochebuena Azul Marino DL64014,14,867
1953,10572,Serie Minicanica V8 LED 300 Luces Blanca c/Verde 15M,106,3376
1954,10574,Serie Minicanica V8 LED 300 Luces Calida 15M,106,3397
1956,17096,Metro de Tira LED Blanca Luminosa,27.5,1501
1957,34004,Colgante Santa de Madera c/Piñas,16.8,3479
1958,17745,Guia con 8 Tubitos LED Blanca 2.1M,102,3373
1959,17747,Guía con 8 Tubitos LED Color 2.1M ,102,3413
1961,17734,Serie Uva Grande LED 88 Luces Roja 2.7M,105,3350
1962,17710,Serie de Gota De Agua Azul,30,904
1964,59732,Inflable 3.60M Fantasma c/Calavera WS-301315-F,1251.63,3505
1965,59504,Inflable 2.40M Ataud Vampiro c/Mov WS-301356,1976.95,3507
1966,59303,Inflable 1.80M Familia de Monstruos WS-5011-F,741,3509
1968,5303,Goggles,13.2,1385
1969,59721,Inflable 3.50M Elefante c/Calabaza WS-301336,1078.25,3506
1971,17736,Guía con 6 Tubitos LED 108 Luces Color 2.1M,98.5,774
1972,30810,Tapete Navideño Santa ,46,3233
1975,17709,Serie de Gota De Agua Blanca 2.7M,44.88,2381
1984,30811,Tapete Navideño Figuras ,46,3234
1986,10459,Serie Minicanica V8 LED 100 Luces Morada c/Negro 6.5M,45,3312
1987,10576,Serie Minicanica V8 LED 300 Luces Color c/Verde 15M,106,3333
1988,10579,Serie Minicanica V8 LED 300 Luces Morada c/Verde 15M,114.53,1769
1995,0,Libre,75,1046
1996,64709,Bote 20 Esferas 8CM Plata B8P-20pz,94,2694
1997,0,Libre,103,780
2002,16041,Manguera Oferta LED Blanca 10M ,110,3364
2003,0,Libre,91,180
2004,0,Libre,69,1076
2005,0,Libre,69,1077
2009,17708,Serie de 10 Tubitos LED Blanco Flash 4M,65,1478
2010,17749,Serie Bala Larga LED 300 Luces Morada C/Transp 15M,40,1166
2011,30812,Tapete Navideño Santa y Pinos ,46,3235
2012,34003,Colgante Navideño de Madera,4.5,3424
2014,59731,Inflable 3.60M 6 Calabazas WS30133,997.5,2809
2016,14025,Cascada LED 200 Luces Azul c/Transparente 3.7M,75,3117
2020,0,Libre,90,807
2021,41001,Arbol 2.10M Verde Fibra Optica Bicolor JLA001-21,1630,1712
2022,40102,Arbol 90cm Verde cepillo ZG90-PS,96.84,3260
2027,17856,Cometa De Metal 80 L,140,2391
2031,51891,Inflable 1.80M Esfera con Nacimiento JL96154,850,708
2034,0,Libre,46,171
2035,150301,40L  Foco Grande ,46,172
2036,0,Libre,46,173
2037,0,Libre,110,1159
2039,0,Libre,37,157
2040,0,Libre,122,797
2041,0,Libre,122,795
2042,0,Libre,122,397
2043,0,Libre,122,398
2044,51604,Inflable Grupo Musical 160cm Jl96144,1510,2565
2047,0,Libre,185,1034
2050,20107,Mariposa Mini Morada Obscura R05935,3.33,3269
2051,20110,Mariposa Mini Oro R05935,3.33,3270
2052,20112,Mariposa Mini Plata R05935,2.5,2122
2053,20113,Mariposa Mini Roja R05935,3.33,3271
2054,20114,Mariposa Mini Rosa R05935,3.33,3272
2055,20115,Mariposa Mini Turquesa R05935,3.33,3273
2056,20116,Mariposa Mini Verde R05935,2.5,2125
2057,0,Libre,44,647
2058,20121,Mariposa Chica Azul Marino W4762,7.5,3457
2059,20122,Mariposa Chica Blanca W4762,7.5,3528
2060,20124,Mariposa Chica Cobre W4762,5.4,100
2061,20127,Mariposa Chica Morada Obscura W4762,7.5,3459
2062,40452,Arbol 2.10M Blanco ZG210AB,759.6,3470
2063,20130,Mariposa Chica Oro W4762,10000,3466
2064,20132,Mariposa Chica Plata W4762,7.5,3461
2065,20133,Mariposa Chica Roja W4762,6.65,3276
2066,20135,Mariposa Chica Turquesa W4762,6.65,3277
2067,20136,Mariposa Chica Verde W4762,6.65,3278
2068,20131,Mariposa Chica Oro Rosado W4762,7,3534
2069,25053,Nochebuena Roja N63666,17,1978
2070,22001,Nochebuena Chica Azul Marino F054771,10.45,3279
2071,22002,Nochebuena Chica Blanca F054771,11,2361
2074,22010,Nochebuena Chica Oro F054771,11,2268
2075,22012,Nochebuena Chica Plata F054771,10.45,3280
2076,22013,Nochebuena Chica Roja F054771,10.45,3514
2079,34201,Casita Decorada C/Luz ,26.5,3425
2080,20183,Pick Piñas y Flores N01611,10.66,3476
2081,34601,Punta de Arbol Estrella de Metal s/Luz ,36.2,3423
2082,29495,Rollo Chico 4.57M Liston Decorado,15,3475
2084,24410,Estrellitas Oro M10009,16,2272
2085,24412,Estrellitas Plata M10009,15.2,3290
2086,24413,Estrellitas Rojas M10009,16,2385
2088,23001,Mariposa Mediana Azul Marino W4763,11,110
2091,0,Libre,11,111
2092,30025,Pie de Arbol Estamp Esferas Blanco/Oro 1M,72,3404
2093,30026,Pie de Arbol Estamp Santa Rojo/Oro,73,3474
2094,23010,Mariposa Mediana Oro W4763 - A05286,13,3527
2095,23012,Mariposa Mediana Plata W4763 - A05286,11,2337
2096,23013,Mariposa Mediana Roja W4763 -A05286,11,2131
2097,30027,Pie de Arbol Santa con Muñeco Rojo,131,3473
2099,17707,Serie Gran Fibra LED 500 Luces Color 35M,105,1788
2100,33373,Gorro c/Estrellas Rojo ,8.69,3359
2101,28343,Nochebuena Diaman Champange R05922,10,2281
2102,11982,Serie LED 9V Esmerilado 50 Luces Blanca c/Negro ,24,2615
2103,28350,Nochebuena Diaman Oro R05922,10,2279
2104,31250,Santa Colgante TN-B07TB,9.05,3360
2105,28353,Nochebuena Diaman Roja R05922,10,2280
2107,27010,Hoja M21114 Oro,22.5,1513
2109,31251,Muñeco Colgante TN-B07TB,9.07,3361
2110,23224,Flor Pedreria Cobre A05152,11.4,1545
2111,0,Libre,35,1824
2112,31252,Reno Colgante TN-B07TB,9.1,3362
2113,17174,Rollo Manguera LED Bicolor 100M,12,113
2114,0,Libre,35,1819
2115,31253,Oso Colgante TN-B07TB,9.05,3363
2117,25021,Nochebuena Azul Marino M05210,18.5,3465
2118,25022,Nochebuena Blanca M05210,18.5,3532
2119,25030,Nochebuena Oro M05210,18.5,3516
2120,25032,Nochebuena Plata M05210,17.58,3284
2121,25033,Nochebuena Roja M05210,17.58,3285
2122,31370,Santa en Cuerda Oro/Beige,9,3218
2123,0,Libre,44,648
2124,31371,Muñeco en Cuerda Oro/Beige,9,3216
2125,31372,Reno en Cuerda Oro/Beige,9,3217
2126,31375,Santa en Cuerda Rojo a Cuadros,8.7,3215
2127,31376,Muñeco en Cuerda Rojo a Cuadros,8.7,3213
2128,27055,Rama Turquesa C05017,16,2256
2129,31377,Reno en Cuerda Rojo a Cuadros,8.7,3214
2130,27056,Rama Verde W4852 - C05017,16,358
2131,32230,Figura Santa c/Lentes y Leña Rojo/Cafe,91,3223
2132,29005,Berries F02376,23.28,3292
2133,31406,Figura Santa c/Costal Rojo/Cafe,39,3219
2134,31400,Figura Santa c/Mandil y Paleta Rojo/Blanco,40,3220
2135,24430,Hoja de Estrellitas Oro C05277,20.59,2243
2136,27001,Hoja M21114 Blanca,22.5,1521
2138,33160,Santa Oro/Chocolate,30,3421
2139,27022,Ramita Plata F78089,19.5,1982
2140,33161,Muñeco Oro/Chocolate,30,3200
2141,27024,Ramita Cobre F78089,19.5,116
2143,28001,Nochebuena Diamantada Chica Azul Marino 5124,23,3462
2144,28002,Nochebuena Diamantada Chica Blanca M05124,23,3533
2145,28004,Nochebuena Diamantada Chica Cobre M05124,17,1970
2146,28007,Nochebuena Diamantada Chica Morada Obscura M05124,20.9,3281
2147,33162,Reno Oro/Chocolate,30,3201
2148,28010,Nochebuena Diamantada Chica Oro M05124,23,3518
2149,28012,Nochebuena Diamantada Chica Plata M05124,23,3441
2150,28013,Nochebuena Diamantada Chica Roja M05124,23,3519
2152,28016,Nochebuena Diamantada Chica Verde M05124,16.15,1653
2153,28011,Nochebuena Diamantada Chica Oro Rosado M05124,23,3472
2155,28304,Nochebuena Terciopelo Chica Cobre R05923,34.2,3282
2156,28307,Nochebuena Terciopelo Chica Morada R05923,34.2,3283
2157,28310,Nochebuena Terciopelo Chica Oro R05923,25,3530
2158,28312,Nochebuena Terciopelo Chica Plata R05923,24.7,1654
2159,28313,Nochebuena Terciopelo Chica Roja R05923,34.2,3536
2160,9003,Control P/manguera 3 Pines Fijo,25,2957
2162,28062,Nochebuena c/Clip Blanco Perla N06691,28,2359
2163,28071,Nochebuena c/Clip Oro Rosado N06691,25.5,2226
2164,28070,Nochebuena c/Clip Oro N06691,28,2358
2165,51246,Inflable 1.20M Muñeco de Nieve que Tiembla JL96135,420,3513
2166,0,Libre,77,1920
2168,33193,Hada Navideña Oro/Beige,40,3422
2169,25130,Pick 3 Nochebuenas Oro N05129,19.95,3300
2170,12023,Serie LED Lupa 100 Luces Blanco/Azul,46,3113
2171,14022,Cascada LED 200 Luces Calida C/Transp 4M,68,3118
2172,16287,Manguera Neon LED Roja 10m,316.5,3135
2173,16288,Manguera Neon LED Verde 10m,316.5,3136
2174,17720,Serie Canica LED 100 Luces Morada,85.74,3138
2175,17744,Liston LED Rojo,70,3150
2176,17718,Serie de Pinzas 20 Luces LED Blanca,66.5,3151
2178,24010,Hojita Oro C21058,5,868
2179,24012,Hojita Plata C21058,4.75,1664
2180,24013,Hojita Roja C21058,5,870
2181,17532,Cortina LED 800 Luces Calida Flash C/Transp 3X3M,388.98,3323
2185,23016,Mariposa Mediana Verde W4763,11,2130
2186,0,Libre,74.5,1914
2187,28351,Nochebuena Diaman Oro Ros R05922,10,2282
2189,0,Libre,35,1820
2190,0,Libre,35,1822
2191,23236,Flor Pedreria Verde A05152,11.4,1448
2192,0,Libre,82.65,1453
2193,29112,Buho Blanco L0962,95.06,2802
2194,29121,Set de 2 Pajaros Blancos M185011,42.75,616
2195,29122,Set de 2 Pajaros Rojos M185014,42.75,617
2196,29123,Set de 2 Pajaros Oro M185015,45,618
2197,17622,Punta de Arbol 16 Luces LED Blanca Plata Chica,62,3412
2198,17643,Punta de Arbol 18 Luces LED Blanca Plata JL3307B,82,3180
2199,0,Libre,35,1818
2200,10123,Serie LED 140 Luces Calida C/Transparente,57.5,1305
2204,40352,Arbol 1.80M Verde con Piñas SP735-180,2045,1381
2205,29111,Buho Blanco L0784 de 20CM,111.06,2804
2206,10199,Serie LED 300 Luces Verde C/Transparente 15M,41.8,620
2208,20011,Malla Beige SM04,69.5,2582
2209,20016,Malla Blanco/plata Sm17,69.5,2584
2211,20021,Malla Morada SM07,59.85,672
2213,20026,Malla Oro SM33,59.85,547
2215,20032,Malla Roja MF17,44.65,549
2222,52472,Inflable 2.40M Santa con Muñeco Adentro JL96175,1150,2863
2234,17714,Serie de Flor 20 Luces LED Bicolor,145,988
2235,30604,Cojin Lentejuela Rojo Feliz Navidad 38X38CM,112,986
2236,30606,Cojin Lentejuela Rojo Pino 38X38CM,112,985
2237,52463,Inflable 2.40M Muñeco De Nieve JL96146,600,670
2238,31310,Caja 12 Muñecos de Navidad Peluche Beige/Roj 17X28CM,233,3221
2239,31283,Pieza Muñeco Peluche Beige/Roj,21.25,2763
2246,41454,Arbol con Flores LED Calido 1.80M,1550,3512
2247,60013,Caja 24 esferas 3CM Cafe Laca,22,1805
2248,28323,Nochebuena Terciopelo Beige RK05928,24.7,1515
2250,27322,Vara c/Acrilico Blanca SEM4425W,18,1586
2252,60011,Caja 24 esferas 3CM Cafe Brillante ,22,1804
2253,0,Libre,27,1811
2254,41455,Arbol con Flores LED Bicolor 1.80 M,1550,3511
2256,28082,Nochebuena Blanca W05240,32,2224
2257,27273,Hoja Roja M63078,8.55,1677
2258,28113,Nochebuena Roja N06689,18.5,2228
2259,28133,Nochebuena Roja W06273,25,1989
2261,0,Libre,35,1821
2262,0,Libre,32,1823
2263,23100,Pick Skimmia N05104,8.55,1593
2264,32137,Reno de Peluche Roj/Vde 23X13CM,28,3189
2265,32130,Santa Claus de Peluche Oro/Beige 23X13CM,27.5,3190
2266,32132,Reno de Peluche Oro/Beige 23X13CM,28,3192
2267,30202,Corona Feliz Navidad con Figuras Roj/Vde 34X34CM,120,3212
2268,30201,Corona Feliz Navidad con Figuras Beige/Oro 34X34CM,121,3187
2269,25040,Nochebuena N63666,210,979
2270,30050,Pie de Arbol Figuras Navideñas Rojo 1M,206,3401
2271,32135,Santa Claus de Peluche Roj/Vde 23X13CM,28,3193
2272,32136,Muñeco de Nieve de Peluche Roj/Vde 23X13CM,28,3188
2273,5302,Cubrebocas Kn95,9.5,1772
2274,60021,Caja 24 esferas 3CM Fiusha Brillante ,22,1806
2275,60031,Caja 24 esferas 3CM Morado Brillante ,22,1807
2276,60036,Caja 24 esferas 3CM Oro Brillante ,22,1808
2277,32131,Muñeco de Nieve de Peluche Oro/Beige 23X13CM,28,3191
2278,60046,Caja 24 esferas 3CM Plata Brillante ,22,1809
2279,0,Libre,22,1810
2280,0,Libre,27,1812
2281,60440,Caja 12 Esferas 8CM Decorada 902,69.5,1916
2282,0,Libre,74.5,1858
2284,0,Libre,40,871
2285,14005,Cascada 200 Luces Blanca c/Blanco,20,872
2286,0,Libre,60,875
2287,0,Libre,60,876
2288,0,Libre,15,884
2289,0,Libre,15,883
2290,0,Libre,120,880
2291,0,Libre,30,878
2292,0,Libre,50,886
2293,0,Libre,90,889
2294,0,Libre,20,895
2295,0,Libre,30,893
2296,0,Libre,20,892
2297,0,Libre,20,896
2298,16503,Manguera Plana Color 5m ,80,950
2310,17642,Punta de Arbol 18 Luces LED Bicolor Dorada JL3307A,82,3179
2313,29432,Metro Liston Plata G7192-02,4.6,2114
2314,16043,Manguera Oferta LED Color 10M ,111,2560
2316,16042,Manguera Oferta Led  Calida 10 M,111,3326
2318,29435,Metro de Liston Rojo y Oro P8601844,3.01,944
2326,49902,Metro de Feston Blanco,2.42,2977
2328,49908,Metro de Feston Oro,2.76,2934
2329,49909,Metro de Feston Plata,2.76,2932
2330,49910,Metro de Feston Rojo,2.75,2107
2332,49941,Metro de Feston Boa Nevado ZG-E209C,2.42,3035
2333,49946,Metro de Feston Boa Verde,2.42,2103
2334,49851,Metro de Guirnalda Blanca,16.38,3523
2335,49701,Corona Verde 40CM,31,1261
2336,49706,Corona Blanca 40CM,34,772
2338,49703,Corona Verde 60CM,53.51,1262
2340,49922,Rollo 20M Feston Blanco,53.01,3257
2342,49928,Rollo 20M Feston Oro,59.99,3258
2343,49929,Rollo 20M Feston Plata,59.99,3343
2344,49930,Rollo 20M Feston Rojo,59.94,3259
2374,0,Libre,94.3,675
2375,0,Libre,94.3,676
2376,0,Libre,37.66,288
2377,0,Libre,37.66,279
2378,0,Libre,37.66,281
2379,0,Libre,37.66,280
2380,0,Libre,37.66,287
2382,0,Libre,35,1826
2385,0,Libre,35,1828
2387,0,Libre,32,1831
2388,0,Libre,32,1833
2391,0,Libre,33,1834
2392,0,Libre,32,1836
2393,0,Libre,47,1843
2394,59503,Inflable 2.40M Barco c/Fantasma WS-201233,1351.85,3503
2395,64624,Bote 24 Esferas 8CM Blanca B8W-24pz,120,1490
2397,0,Libre,111.5,384
2398,0,Libre,111.5,359
2399,0,Libre,104.5,360
2400,0,Libre,50,1855
2403,0,Libre,114,293
2404,0,Libre,104,294
2405,0,Libre,104,284
2408,63917,Bote 30 Esferas 7CM Chocolate y Oro TS-702-30CCC,169,2207
2409,63962,Bote 30 Esferas 7CM TS-702-30D,169,2925
2410,64007,Bote 30 Esferas 7CM TS-702-30RJ,169,2924
2411,64013,Bote 30 Esferas 7CM TS-702-30RJD,169,2961
2413,0,Libre,74.5,1926
2414,65279,Bote 40 Esferas 8CM Roja y Blanca B8R+W-40pz,185,933
2415,0,Libre,74.5,1935
2416,0,Libre,215,361
2417,0,Libre,215,362
2418,0,Libre,74.5,1918
2419,0,Libre,365,2854
2420,0,Libre,365,2815
2421,0,Libre,365,2816
2424,0,Libre,74.5,1919
2425,0,Libre,74.5,1931
2426,0,Libre,74.5,1913
2427,0,Libre,74.5,1932
2428,0,Libre,74.5,1927
2429,0,Libre,74.5,1933
2430,0,Libre,74.5,1928
2431,0,Libre,74.5,1934
2432,65453,Bote 48 Esferas 8CM TS-80DESEO-48RJD,365,2817
2434,0,Libre,69.5,1915
2435,0,Libre,214,298
2437,0,Libre,173,286
2440,53601,Inflable 3.6M Santa C/Costal WS301333S,1295,1410
2444,51805,Inflable 1.8M Muneco en Bota WS301334M,599,1411
2447,0,Libre,81.66,289
2448,0,Libre,81.66,274
2449,0,Libre,81.66,275
2450,0,Libre,81.66,278
2451,0,Libre,81.66,277
2452,0,Libre,81.66,276
2453,0,Libre,94.3,473
2454,51281,Inflable 1.20M Ovni con Santa y Regalos ML9147,499,1236
2455,51563,Inflable 1.50M Esfera con Trineo JL96124,820,623
2456,1000,Producto De Ajuste,40672,3348
2457,0,Libre,137,474
2466,0,Libre,147,925
2467,0,Libre,147,1033
2468,0,Libre,172.4,683
2469,0,Libre,172.4,682
2470,0,Libre,172.4,422
2473,65267,Bote 40 Esferas 8CM Roja 80DLCG-40RJ,288,3093
2477,0,Libre,147,1030
2478,40151,Arbol 1.20M Verde Tradicional ZG120Z,163.62,3248
2479,40152,Arbol 1.20M Blanco Tradicional ZG120ZB,166.51,2092
2480,40251,Arbol 1.50M Verde Rama Combinada ZG150HZ,336.6,3244
2481,40252,Arbol 1.50M Blanco Tradicional ZG150ZB,322.2,3239
2485,40358,Arbol 1.80M Verde Rama Combinada ZG180HZ,484.2,3245
2486,40359,Arbol 1.80M Blanco Tradicional ZG180ZB,448.2,3240
2493,0,Libre,47,1846
2495,40455,Arbol 2.10M Verde Rama Combinada ZG210HZ,637.2,3342
2497,40458,Arbol 2.10M Blanco Tradicional ZG210ZB,608.4,3241
2502,40901,Arbol 1.80M  Fibra Optica Bicolor JL002-18,1580,3478
2503,0,Libre,30,887
2507,52428,Inflable 2.40M Oso Polar con Pinguinos JL96084,730,181
2511,51518,Inflable 1.50M Trineo Santa y Renos JL96045,850,3352
2515,50007,Inflable Oso con Pinguino Sube Baja JL96074,790,667
2516,59253,Inflable 1.50M Fantasma Colgante WS-5010-F ,374.57,3508
2518,54006,Inflable 4M Muñeco de Nieve Gigante JL96141,121,3082
2521,51272,Inflable 1.20M Oso Felpa Cafe JL96170,550,1027
2522,52477,Inflable 2.40M Oso Felpa Cafe JL96159,1050,1093
2523,51254,Inflable 1.20M Pinguino que Tiembla JL96164,460,3394
2524,52470,Inflable 2.40M Santa Claus con Esfera JL96151,1180,2828
2525,51263,Inflable 1.20M Bota Muñeco de Nieve JL96166,470,183
2526,1,Error,360,717
2527,52491,Inflable 2.40M Santa Tipo Felpa ML9166,845,405
2528,52484,Inflable 2.40M Nacimiento ML9164,1062,373
2536,0,Libre,147,923
2537,0,Libre,60,874
2538,0,Libre,90,879
2539,0,Libre,30,894
2540,0,Libre,40,898
2543,0,Libre,40,1175
2544,0,Libre,40,1168
2545,0,Libre,60,1177
2546,0,Libre,40,1172
2547,0,Libre,40,910
2548,17851,Estrella con Feston LED Color,30,907
2549,0,Libre,30,908
2550,0,Libre,188,1237
2551,0,Libre,179,253
2554,0,Libre,188,1238
2555,0,Libre,179,255
2557,0,Libre,188,1219
2558,52121,Inflable 2.1M Trineo de Santa WS301324T ,1125,1406
2561,0,Libre,189,256
2562,0,Libre,189,257
2563,0,Libre,189,258
2565,0,Libre,189,259
2566,0,Libre,189,633
2567,52405,Inflable 2.4M Santa Saludando WS20125S,728,1412
2570,33348,Dulcera Duende Verde con Rojo/Verde 45X20CM,65,3096
2571,33349,Dulcera Duendecita Rojo/Verde 45X20CM,65,3097
2572,33340,Dulcera Santa Claus Roj/Bco 45x24CM,65,3098
2573,14561,Cascada V9 LED 500 Luces Blanca c/Negro 7.4M,218,1221
2574,5304,Cubrebocas Triple Capa (Para Clientes),0.8,2976
2575,33130,Colgante para Puerta Santa Claus Oro/Beige 32X17CM,44,3195
2576,33131,Colgante para Puerta Muñeco de Nieve Oro/Beige 32X17CM,44,3194
2577,33136,Colgante para Puerta Muñeco de Nieve Roj/Vde 32X17CM,44,3196
2578,29439,Metro de Liston Azul y Plata P5806109,1.53,948
2579,40001,Base Giratoria 202062,835.5,2339
2581,0,Libre,22,966
2582,51803,Inflable 1.8M Muneco de Nieve WS301335M,555,1414
2583,53005,Inflable 3M Muneco de Nieve WS201260M,1250,1998
2586,59904,Nacimiento Animado Chico Oro,225,3158
2587,59906,Nacimiento Animado Chico Rojo,225,3157
2588,52412,Inflable 2.4M Resbaladilla  WS301354,1277,1418
2589,0,Libre,190,439
2590,52408,Inflable 2.40M Oso Polar C/Pinguino WS30138,999,1416
2595,59916,Nacimiento Grande Oro,550,3537
2596,59917,Nacimiento Grande Rojo,510,2998
2597,59931,Portal Casita,150,2913
2599,59801, Oso Navideño de Plastico con Luz 69CM,355,3347
2600,52410,Inflable 2.4M Santa Claus WS301339 WS 201254,975,1417
2601,0,Libre,230,1466
2602,64727,Bote 20 Esferas 8CM Roja B8R-20pz,94,1683
2603,0,Libre,50,1694
2604,0,Libre,35,1827
2605,10994,Serie Destellos V3 LED 500 Luces Calida c/Negro 9.5M,149,3367
2606,14342,Cascada Destellos V3 LED 240 Luces Calida c/Verde 3.5M,124,3127
2609,0,Libre,218,1222
2610,5608,Controlador,6,973
2611,0,Libre,310.5,1107
2612,33281,Muñeco de Nieve Parado Roj/Vde 47X25CM,125,978
2613,33280,Santa Claus Parado Roj/Vde 47X25CM,125,977
2614,33100,Santa Claus Pies de Bolitas Rojo/Verde 35X12CM,32,3199
2615,33101,Muñeco de Nieve Pies de Bolitas Rojo/Verde 35X12CM,32,3198
2616,33102,Reno Pies de Bolitas Rojo/Verde 35X12CM Aprox,35,2761
2618,0,Libre,310.5,1355
2619,31288,Pieza Muñeco Peluche Oro/Beige,21.25,2467
2620,31293,Pieza Muñeco Peluche Plata/Bco,21.25,2468
2621,31298,Pieza Muñeco Peluche Rojo/Verde,20.75,2486
2622,31315,Caja 12 Muñecos de Navidad de Peluche Oro/Beige 17X28CM,233,3204
2623,31320,Caja 12 Muñecos de Navidad de Peluche Plata/Blanco 17X28CM,233,3205
2624,31325,Caja 12 Muñecos de Navidad de Peluche Rj/Vde 17X28CM,228,3203
2626,0,Libre,70,1760
2627,0,Libre,70,1391
2628,30803,Tapete de Navidad Plastico Turquesa 2014,70,1761
2631,29881,Limpiapipas Azul,0.23,2365
2633,29887,Limpiapipas Morado,0.23,3029
2635,17511,Cortina LED 400 Luces Blanca C/Transp 3X1.5M,198.55,3321
2636,29890,Limpiapipas Oro,0.26,3014
2637,29892,Limpiapipas Plata,0.23,3028
2638,29893,Limpiapipas Rojo,0.26,3015
2639,17963,Minimulticontacto,8.5,192
2640,17951,Extension 3M,19.59,3083
2641,17952,Extension 5M,25.63,3084
2642,51810,Inflable 1.80M Santa en Bota WS301334S,599,1415
2643,17953,Extension 10M,43.52,3086
2644,17962,Multicontacto,80,3108
2646,69998,Gancho para Esfera,3.38,3169
2647,29901,Bolsa Limpiapipas Azul 100 Pz,24.02,3167
2651,29910,Bolsa Limpiapipas Oro 100 Pz,24.01,3165
2652,29912,Bolsa Limpiapipas Plata 100 Pz,24.01,3164
2653,29913,Bolsa Limpiapipas Rojo 100 Pz,24.01,3166
2655,0,Libre,50,1493
2656,0,Libre,120,237
2663,0,Libre,36.2,1699
2664,10073,Serie LED 100 Luces Bco/Az C/Transparente 6M,32.6,2569
2665,10091,Serie Musical LED 140 Luces Blanca C/Transparente 7.6M,68,3122
2666,10096,Serie Musical LED 140 Luces Color c/Verde 6.2M,68,3308
2668,10125,Serie LED 140 Luces Color C/Transparente 7M,68,3115
2671,10253,Serie LED 500 Luces Bco/Azul C/Transparente 25M,174.4,1100
2675,14048,Cascada LED 300 Luces Az/Bco C/Transparente 6M,106,2894
2677,14381,Cascada Destellos V3 LED 480 Luces Blanca 6.5M,226,3417
2678,14161,Cascada LED 1000 Luces Blanca C/Transparente 20M,410,3443
2679,14163,Cascada LED 1000 Luces Color C/Transparente 20M,410,3444
2680,14201,Cascada Minicanica V8 LED 300 Luces Blanco C/Blanco 6M,133,3145
2681,14203,Cascada Minicanica V8 LED 300 Luces Color C/Blanco 6M,133,3146
2683,0,Libre,156,778
2684,0,Libre,156,207
2686,0,Libre,27,1813
2687,0,Libre,30,912
2698,64604,Bote 20 Esferas 8CM Azul y Plata B8A+P-20pz,94,1060
2699,0,Libre,75,1057
2700,0,Libre,75,1687
2701,14082,Cascada LED 500 Luces Calida C/Transparente 10M,164,3411
2702,64733,Bote 20 Esferas 8CM Roja y Oro B8R+O-20pz,94,2695
2703,0,Libre,50,1697
2704,0,Libre,185,1367
2707,41204,Arbol con Flores con Luz LED Blanca 26X42CM,162,2477
2708,17662,Luminario Solar de Huellitas,50,1943
2709,0,Libre,75,1691
2710,10962,Serie Destellos V3 LED 300 Luces Blanca c/Negro 5.9M,99,3377
2711,10966,Serie Destellos V3 LED 300 Luces Color c/Negro 5.9M,99,3366
2717,27090,Helecho Mediano Oro M21124,9.5,860
2721,0,Libre,30,600
2731,0,Libre,11.4,1540
2737,17701,Serie Foco Largo LED 300 Luces Blanca 14.4M,52.5,1802
2738,17702,Serie Foco Largo LED 300 Luces Calida 14.4M,52.5,1710
2740,0,Libre,70,709
2746,10583,Serie Minicanica V8 LED 300 Luces Bco/Az c/Verde 15M,113,2680
2749,10632,Serie Minicanica V8 LED 500 Luces Blanca c/Verde 25M,165,3315
2750,10636,Serie Minicanica V8 LED 500 Luces Color c/Verde 25M,185,2522
2751,16049,Manguera LED Blanca/Azul 10M ,100,1303
2758,16981,Metro de Manguera LED Blanca,13.62,3021
2759,16983,Metro de Manguera LED Color,10.88,3011
2760,16990,Metro de Manguera LED Bco/Az,10.88,2415
2765,16521,Manguera Plana LED Blanca 10M,161.99,2834
2766,16523,Manguera Plana LED 10M Color,158,3541
2767,17081,Metro de Tira LED Blanca Sencilla,18.9,591
2768,17082,Metro de Tira LED Calida,20.48,2881
2769,17113,Metro de Tira LED Color,21.98,1328
2780,25062,Nochebuena Blanca DL63301,16.15,3517
2781,0,Libre,81.66,271
2789,0,Libre,194,2633
2790,0,Libre,194,2632
2791,64187,Bote 35 Esferas 7CM Roja 37417,194,2631
2792,0,Libre,194,2636
2793,0,Libre,147,926
2795,65177,Bote 40 Esferas 8CM 80DLCG-40CCC,312,2211
2796,65273,Bote 40 Esferas 8CM Roja y Oro 80DLCG-40RJD,288,3094
2806,0,Libre,173,290
2809,0,Libre,78,1601
2810,40256,Arbol 1.50M Verde ZG150A,430.2,3242
2811,40356,Arbol 1.80M Verde Cepillo ZG180HD/HSHD,628.21,3524
2813,40362,Arbol 1.80M Verde Desmontable ZG180A,608.4,3243
2814,40459,Arbol 2.10M Verde Cepillo ZG210HD/HSHD,943.19,3468
2815,40462,Arbol 2.10M Verde Desmontable ZG210A,720,3252
2818,0,Libre,70,885
2822,1,ERROR ESTACIONALIDA X2,840,1024
2824,51856,Inflable Farol Esfera C/Santa 1.80M JL96117,990,2862
2833,0,Libre,179,364
2837,30022,Pie de Arbol Estampado Arboles Navidad Verde 1M,78,1000
2838,30020,Pie de Arbol Estampado Regalo Nochebuenas Bco/Roj 1M,86,2472
2840,30021,Pie de Arbol Estampado Corona Moño Vde/Roj 1M,72,3402
2842,52111,Inflable 2.10M Oso con Regalo Felpa ML9178,888,1324
2843,33135,Colgante para Puerta Santa Claus Roj/Vde32X17CM,44,3197
2844,0,Libre,385,1223
2847,17512,Cortina LED 400 Luces Calida C/Transp 3X1.5M,198.55,3322
2848,10992,Serie Destellos V3 LED 500 Luces Blanca c/Negro 9.5M,149,3382
2850,60001,Caja 24 esferas 3CM Azul Marino Brillante ,22,1803
2854,16982,Metro de Manguera LED Calida,10.88,2959
2855,0,Libre,185,932
2856,0,Libre,185,929
2857,0,Libre,185,930
2858,32100,Santa Claus Espiral Rojo/Blanco 25X8CM,20.5,3229
2859,32101,Muñeco de Nieve Espiral Rojo/Blanco 25X8CM,20.5,3227
2860,32102,Reno Espiral Rojo/Cafe 25X8CM,20.5,3228
2861,10996,Serie Destellos V3 LED 500 Luces Color c/Negro 9.5M,149,3368
2862,52454,Inflable 2.4M Muneco de Nieve WS301314M,688,1408
2865,64637,Bote 20 Esferas 8CM Chocolate y Oro B8CH-O-20pz,94,1058
2866,30401,Reloj Figuras Navideñas Rojo 57X27CM,143,989
2867,1,ERROR ESTACIONALIDAD X2,126,213
2868,0,Libre,126,214
2869,0,Libre,103,318
2871,63479,Bote 40 Esferas 6CM B6R+W-40pz,95.95,2692
2872,33000,Bota Terciopelo Santa Claus Roja/Blanca 43X28CM,70,3211
2873,33001,Bota Terciopelo Muñeco de Nieve Roja/Blanca 43X28CM,70,3210
2874,0,Libre,59,217
2875,52475,Inflable 2.4M Santa Claus WS201254,966,1403
2876,51804,Inflable 1.8M Muneco de Nieve WS301335,555,1404
2879,17683,Destellador Laser Puntos con Sensor Musical Ml4000A,100,1574
2882,59802,Farol de Plastico con Luz 1.15M,387,3267
2883,30605,Cojin Lentejuela Rojo Copos de Nieve 38X38CM,112,984
2884,30601,Cojin Lentejuela Oro Feliz Navidad 38X38CM,112,983
2885,30603,Cojin Lentejuela Oro Pino 38X38CM,112,982
2886,30602,Cojin Lentejuela Oro Copos de Nieve 38X38CM,112,981
2887,0,Libre,310.5,1108
2888,10964,Serie Destellos V3 LED 300 Luces Calida c/Negro 5.2M,99,3390
2889,10973,Serie Destellos V3 LED 300 Luces Bco/Az c/Negro5.2M,98.7,1072
2890,10457,Serie Minicanica V8 LED 100 Luces Bicolor c/Negro 6.5M ,52,2561
2891,10577,Serie Minicanica V8 LED 300 Luces Bicolor c/Verde 15M ,122,2343
2892,10363,Serie LED 1000 Luces Calida c/Transparente 50M,267,2847
2893,10365,Serie LED 1000 Luces Color c/Transparente 50M,279.4,1094
2894,11232,Serie Diamante LED 100 Luces Blanca c/Negro6.2M,43,3542
2895,11234,Serie Diamante LED 100 Luces Calida c/Negro6.2M,43,3416
2896,11237,Serie Diamante LED 100 Luces Bicolor c/Negro 5M,51,3543
2897,11352,Serie Diamante LED 300 Luces Blanca c/Negro 14.7M,112,2351
2898,31000,Botita Santa Claus Roja 25X13CM,21,3231
2899,31006,Botita Muñeco de Nieve Verde 25X13CM,21,3230
2901,31010,Botita Copos de Nieve y Santa Claus Roja 25X13CM,23.8,2755
2902,31016,Botita Copos de Nieve y Muñeco de Nieve Verde 25X13CM,23.8,2756
2904,40353,Arbol 1.8M Verde Lux Hz 180,561.9,1468
2910,17971,Temporizador,44.5,2980
2911,20051,Malla Corta Azul Marino CSM02,43.5,3099
2912,20056,Malla Corta Beige CSM04,43.5,3109
2913,20061,Malla Corta Blanca con Plata CSM17,43.5,3101
2914,20071,Malla Corta Morada CSM07,43.5,2970
2915,20075,Malla Corta Oro CSM37,43.5,3102
2916,20081,Malla Corta Roja CSM13,43.5,3103
2924,29466,Rollo 50M Liston Oro H844104,213.75,3105
2929,53001,Inflable 3M Trineo WS201257,1263,1409
2932,0,Libre,50,2005
2933,14021,Cascada LED 200 Luces Blanca C/Transparente 4M,75,2686
2934,25070,Nochebuena Oro DL63301,16.15,3286
2935,25073,Nochebuena Roja DL63301,15,1981
2936,28050,Nochebuena Oro DL64014,14,1290
2937,28053,Nochebuena Roja  DL64014,13.3,750
2938,27342,Vara C/Acrilico Blanca SEM4423W,18,1992
2943,16084,Manguera Jl5063  LED Bicolor 10M,120,3375
2944,49856,Metro de Guirnalda Doble Verde,11.99,3341
2945,49966,Rollo 20M Feston Boa Nevado,53.06,3410
2946,0,Libre,35,1169
2947,0,Libre,10.88,2436
2949,52421,Inflable 2.40M Muñeco de Nieve que Tiembla JL96077,730,3077
2951,52498,Arco Navideño Santa Y Duendes 2.4 M Ml9167,890,372
2952,27092,Helecho Mediano Plata M21124,9.5,2142
2954,0,Libre,40,890
2955,0,Libre,40,916
2956,0,Libre,40,1171
2957,0,Libre,30,909
2958,29022,Berry Blanco F66602,16,935
2959,29033,Berry Rojo F66602,16,936
2960,0,Libre,30,881
2961,27102,Hoja Chica Blanca R21240,9.5,1294
2962,27110,Hoja Chica Oro R21240,9.5,1295
2963,27113,Hoja Chica Roja R21240,9.5,2143
2964,0,Libre,12.7,940
2965,27282,Vara Blanca DL05081,34,1264
2966,0,Libre,34,942
2967,27293,Vara Roja DL05081,34,1987
2968,0,Libre,40,911
2969,0,Libre,30,891
2970,10190,Serie LED 300 Luces Naranja c/Naranja 15M,109,3139
2971,41251,Árbol Con Perlas LED Blanca 1.2M ,190,1165
2972,0,Libre,300,905
2973,0,Libre,45,888
2974,10575,Serie Minicanica V8 LED 300 Luces Color C/Transparente,15,919
2976,0,Libre,101,921
2977,0,Libre,147,924
2979,17681,Destellador Laser Figuras Navideñas P02,121,3081
2980,59908,Nacimiento Animado Chico Color,225,3159
2982,0,Libre,94.3,1696
2983,0,Libre,147,1031
2985,64379,Bote 40 Esferas 7CM Roja y Blanca B7R+W-40pz,147,1688
3000,9004,Control P/manguera De Movimiento 3 Pines,27,2865
3001,9051,Control P/ Tira Led Blanca,29.83,2884
3002,9052,Control P/ Tira Led Color,27,659
3004,63827,Bote 20 Esferas 7CM Roja B7R-20pz,75,2693
3010,0,Libre,94,1047
3013,0,Libre,75,1059
3014,0,Libre,50,1566
3030,9006,Cople Para Manguera 2 Pines,2,2867
3031,63065,Bote 30 Esferas 6CM TS-606-30D,107,3090
3032,30407,Reloj Figuras Navideñas Lentejuela Rojo 57X27CM,143,972
3036,0,Libre,62,242
3037,0,Libre,120,238
3038,14087,Cascada LED 500 Luces Rosa C/Rosa 10M,182.8,1505
3039,0,Libre,150,637
3041,0,Libre,185,1036
3042,29436,Metro de Liston Oro H844104,4.49,945
3043,29437,Metro de Liston Rojo H844106,4.5,946
3044,29438,Metro de Liston Champagne F577103,4.2,947
3046,17857,Pico de Metal Mediano LED 100 Luces Oro,202,3330
3050,0,Libre,75,1689
3052,49967,Rollo 20M Feston Boa Verde,53.01,3247
3055,14085,Cascada LED 500 Luces Azul C/Azul 10M,182.8,1149
3056,16529,Manguera Plana LED Blanca/Azul 10M,163.99,2835
3062,0,Libre,37.66,269
3063,0,Libre,37.66,270
3067,0,Libre,81.66,272
3078,0,Libre,94,1685
3079,0,Libre,75,1690
3084,63064,Bote 30 Esferas 6CM TS-60LDD-30D,116,2202
3092,11354,Serie Diamante LED 300 Luces Calida c/Negro 14.7M,106,3544
3093,11356,Serie Diamante LED 300 Luces Color c/Verde  14.7M,106,3545
3095,14023,Cascada LED 200 Luces Color C/Transparente 4M,75,3318
3096,14088,Cascada LED 500 Luces Az/Bco C/Transparente 10.5M,170,3119
3097,14162,Cascada LED 1000 Luces Calida C/Transparente 20 M,410,3320
3098,14341,Cascada Destellos V3 LED 240 Luces Blanca c/Verde 3.5M,124,3126
3099,14343,Cascada Destellos V3 LED 240 Luces Color 3.5M,124,3334
3100,14383,Cascada Destellos V3 LED 480 Luces Color 6.5M,226,3365
3101,14382,Cascada Destellos V3 LED 480 Luces Calida c/Verde 6.5M,226,3152
3102,17531,Cortina LED 800 Luces Blanca Flash C/Transp 3X3M,337.99,2919
3103,0,Libre,140,1148
3104,0,Libre,99,1378
3107,10093,Serie Musical LED 140 Luces Calida C/Transparente 7.6M,68,3124
3109,52464,Inflable 2.40M Muñeco Terciopelo Blanco JL96171,940,3080
3110,51273,Inflable 1.20M Oso Felpa Blanco JL96185,610,2733
3112,0,Libre,50,1693
3115,52492,Inflable 2.40M Oso Navideño Felpa ML9177,888,1235
3123,0,Libre,21.38,753
3154,0,Libre,530,1015
3155,59913,Nacimiento Vino Tradicional,500,3521
3175,17723,Serie de Flor con Espinas 20 Luces Color LED 2.10M,40,1061
3177,0,Libre,46.5,801
3179,0,Libre,56.9,431
3180,28110,Nochebuena Oro N06689,18.5,2229
3183,40453,Arbol 2.1M Verde Lux Hz 210,651.81,1469
3188,27133,Palma Chica Roja M10011,15.68,1451
3189,0,Libre,147,1032
3191,0,Libre,145,987
3202,0,Libre,74.5,1912
3204,17713,Serie de Flor Ciruelo LED 36 Luces Tricolor 3.1M,40.33,629
3205,0,Libre,46.5,802
3207,0,Libre,37.95,413
3210,0,Libre,150,219
3211,0,Libre,150,220
3221,41205,Arbol con Flores LED Calida 26X42CM,162,2476
3224,0,Libre,28,10
3225,22030,Pick Nochebuena Chica Oro S05090,7.3,517
3226,22033,Nochebuena Chica Roja S05090,7.3,1337
3228,0,Libre,9.5,529
3229,22050,Nochebuena Oro M05159,9.5,1971
3230,22052,Nochebuena Plata M05159,9.5,1972
3231,22053,Nochebuena Roja M05159,12.5,3529
3232,29001,Berries Nevados S36088,57.95,3293
3233,25223,Vara Nochebuena X3 Champange M01587,24,2220
3234,10433,Serie Minicanica V8 LED 50 Luces Bco/Az c/Negro 3.3M,20.25,804
3237,0,Libre,9.7,128
3238,27082,Helecho Mediano Blanco M21124,9.5,862
3241,27096,Helecho Mediano Verde M21124,9.03,1450
3243,24130,Vara Tipo Coral Oro  S66845,16.5,2251
3245,0,Libre,35,1170
3249,27072,Helecho Plata R21271,9.22,3289
3254,28042,Nochebuena Blanca DL64014,13.3,1512
3255,31101,Mini Muñeco de Nieve Rojo/Blanco 15X9CM ,13.5,3224
3256,31100,Mini Santa Claus Rojo/Blanco 15X9CM,13.5,3226
3257,31102,Mini Reno Rojo/Café 15X9CM,13.5,3225
3265,54009,Inflable 4M Santa Claus Gigante JL96300,2350,2864
3266,54003,Inflable Muñeco c/Dos Esferas 4M JL96301,2250,3547
3268,52456,Inflable 2.40M Muñeco de Nieve con Esfera JL96145,1000,3079
3269,10546,Serie Minicanica V8 LED 200 Luces Color c/Verde 10M,71,3502
3270,10455,Serie Minicanica V8 LED 100 Luces Color C/Transparente 6.5M,45,3311
3271,10634,Serie Minicanica V8 LED 500 Luces Calida c/Verde 25M,185,2973
3272,14248,Cascada Minicanica V8 LED 500 Luces Az/Bco c/Blanco 10M,221.99,2880
3273,14241,Cascada Minicanica V8 LED 500 Luces Blanco C/Blanco 10M,226,3447
3274,14243,Cascada Minicanica V8 LED 500 Luces Color c/Blanco 10M,226,3446
3275,17632,Punta de Arbol LED 10 Luces Blanca Mediana,36.5,1142
3276,0,Libre,36.5,1143
3279,0,Libre,8.55,532
3280,0,Libre,173,268
3281,0,Libre,173,265
3282,0,Libre,173,266
3286,5153,Celular,30,1167
3293,40454,Arbol 2.10M Nevado con Piñas SP701-210,2670,1382
3294,9101,Motor Para Inflable Chico,0.01,381
3295,9102,Motor Para Inflable Mediano,0.01,382
3297,9105,Eliminador Para Inflable,110,2748
3298,5402,Cable Para Inflable,0.01,380
3303,51064,Inflable 60cm Esfera Muñeco Y Pino Mov Ml9053,350,375
3304,51065,Inflable 60CM Esfera Reno y Pino Mov ML9054,350,374
3349,10361,Serie LED 1000 Luces Blanca c/Transparente 50M,260,2751
3353,0,Libre,27,1814
3354,0,Libre,74.5,1859
3355,0,Libre,77,1864
3356,0,Libre,74.5,1862
3357,0,Libre,27,1815
3358,0,Libre,74.5,1861
3359,0,Libre,27,1816
3360,60449,Caja 12 Esferas 8CM Plata Mate,74.5,1921
3361,0,Libre,33,1829
3362,0,Libre,74.5,1922
3363,0,Libre,74.5,1923
3364,0,Libre,35,1830
3365,0,Libre,74.5,1924
3366,60476,Caja 12 Esferas 8CM Jade Brillante ,74.5,1867
3367,0,Libre,50,1856
3368,0,Libre,32,1832
3369,0,Libre,74.5,1925
3370,0,Libre,35,1837
3371,0,Libre,74.54,1930
3372,0,Libre,32,1838
3373,0,Libre,32,1839
3374,0,Libre,35,1840
3375,0,Libre,77,1869
3376,0,Libre,47,1842
3377,0,Libre,47,1844
3378,0,Libre,47,1845
3380,0,Libre,24,1847
3381,0,Libre,50,1848
3382,0,Libre,50,1849
3383,0,Libre,74.5,1929
3384,0,Libre,47,1850
3385,0,Libre,50,1851
3386,0,Libre,50,1852
3387,0,Libre,50,1854
3388,0,Libre,74.5,2938
3389,0,Libre,74.5,1917
3390,40404,Arbol 1.90 Verde Royal Canada  ,813.11,1610
3391,22022,Nochebuena Chica Blanca S05090,6.94,1679
3392,0,Libre,101,1695
3393,0,Libre,37,1825
3394,12582,Serie Ciempies LED 500 Luces Blanca c/Negro 9M,84,1950
3395,12586,Serie Ciempies LED 500 L Color c/Negro 9M,84,1941
3396,11248,Serie Diamante LED 100 Luces Blanca/Rosa c/Negro 6M,21,1787
3397,17706,Serie Gran Fibra LED 500 Luces Blanca 35M,105,1789
3398,41003,Arbol 2.10M Fibra Optica Tricolor JLA007-21,1630,1713
3401,11353,Serie Diamante LED 300 Luces Calida C/Transparente 14.7M,115,1750
3402,0,Libre,115,1715
3403,12132,Serie 9V Esmerilado LED 300 Luces Blanca c/Negro 15M,86.8,1937
3404,0,Libre,243.6,1719
3405,0,Libre,243.6,1949
3406,0,Libre,73.5,1738
3407,14661,Cascada Gran Fibra LED 200 Luces Blanca c/Negro 4M,56,1722
3408,14681,Cascada Gran Fibra LED 300 Luces Blanca c/Negro 4.5M,84,1723
3409,14722,Cascada Gran Fibra LED 500 Luces Calida c/Negro 6.9M,133,1724
3410,17703,Serie Foco Largo LED 300 Luces Azul 14.4M,52.5,1727
3411,17704,Serie Foco Largo LED 300 Luces Bla/Az 14.4M,52.5,1728
3412,12584,Serie Ciempies LED 500 Luces Calida c/Verde,84,1776
3413,12581,Serie Ciempies LED 500 Luces Blanca C/Transparente,84,1778
3414,12583,Serie Ciempies LED 500 Luces Calida c/Transparente,84,1779
3416,0,Libre,94.5,1780
3417,17705,Serie Gran Fibra LED 300 Luces Blanca 21M,56,1781
3418,12134,Serie 9v Esmerilado LED 300 Luces Calida c/Negro 15M,86.8,1938
3419,0,Libre,243.6,1948
3424,0,Libre,74.5,1860
3426,33253,Oso Navideño Peluche Varios,65,1768
3427,0,Libre,53,1767
3428,10588,Serie Minicanica V8 LED 300 Luces Bco/Az C/Transparent 16.4M,127,1753
3429,40451,Arbol 2.10M Verde ZG210Z,528.3,3251
3430,27070,Helecho Oro R21271,9.22,1757
3432,40354,Arbol 1.80M ZG180Z VERDE,390.6,3250
3433,0,Libre,105,1783
3435,40259,Arbol 1.50M Verde ZG150Z,282.6,3249
3436,0,Libre,35,1817
3437,0,Libre,35,1835
3438,0,Libre,50,1853
3440,12191,Serie 9V Esmerilado LED 500 Luces Blanco c/Trans 25M,161,1939
3441,40351,Arbol 1.80M Blanco ZG180AB,639,3471
3442,17663,Lampara Color 23 Cambios ,50,1944
3443,1,ERROR ESTACIONALIDAD X2,161,1951
3444,28075,Nochebuena c/Clip Rosa N06691,25.5,2167
3445,28072,Nochebuena c/Clip Plata N06691,28,2362
3446,17738,Serie Foco Azucar 20 Luces LED Blanca 3.7M,64.26,2382
3447,17739,Serie Foco Azucar 20 Luces LED Color 3.7M,64.26,2376
3448,17740,Serie Foco Azucar 20 Luces LED Oro 3.7M,64.26,2377
3449,17722,Serie de Esferas LED 20 Luces Azul 3.5M,42.84,2373
3450,17715,Serie de Esferas  LED 20 Luces Roja 3.5M,42.84,2374
3451,10431,Serie Minicanica V8 50 Luces Rojo c/Negro,22,2624
3452,0,Libre,77.52,2379
3453,17852,Estrella de Belen LED Roja,77.52,2380
3454,17717,Serie de Estrella Esponja LED Color 3.6M,61.2,2378
3455,17743,Liston Foco de Arroz Azul 5M,20,2317
3456,0,Libre,30,2318
3457,17721,Guia de Esferas LED Color 3M,40,2320
3458,0,Libre,60,2321
3459,17860,Figura de Sube/Baja Pitufos ,298,2506
3460,17858,Estrella De Metal Chica 60 L Oro,134,3331
3461,17859,Estrella De Metal Grande 80 L Oro,185,2390
3462,17719,Serie Canica LED 100 Luces Color 8.5M,90.25,3325
3463,23002,Mariposa Mediana Blanca A05286-W4763,13,3531
3464,28333,Nochebuena Terciopelo Rojo RK05928,36,2278
3465,27054,Rama Rosa W4852,16,2170
3466,27093,Helecho Mediano Rojo M21124,9.5,2250
3467,27103,Hoja Chica Chocolate R21240,9.5,2155
3468,24415,Estrellitas Turquesa M10009,14,2255
3469,24416,Estrellitas Verde  M10009,14,2253
3470,27310,Vara con Bolitas Oro A05142,47.75,2176
3471,27142,Vara de Estrellas Blanca F054851 ,14.5,2151
3472,27156,Vara de Estrellas Verde F054851 ,14.5,2152
3473,27170,Vara 18 Oro S66835,16.5,2248
3474,25210,Vara de Nochebuena X3 Oro M05136,20.5,2173
3475,25212,Vara de Nochebuena X3 Plata M05136,20.5,2174
3476,25213,Vara de Nochebuena X3 Rojo M05136,20.5,2175
3477,24302,Vara con Esferitas X6 Blanca M78007,10,2159
3478,24303,Vara con Esferitas X6 Chocolate  M78007,10,2160
3479,24310,Vara con Esferitas X6 Oro  M78007,10,2161
3480,24312,Vara con Esferitas X6 Plata M78007,10,2162
3481,24313,Vara con Esferitas X6 Rojo M78007,10,2163
3482,24316,Vara con Esferitas X6 Verde M78007,9.5,3291
3483,29010,Berry Rojo K63333,11,2221
3484,0,Libre,7,2150
3485,29061,Vara Grande C/Berries 705538 ,20.5,2233
3486,0,Libre,11,2225
3487,24332,Ramita de Granadas Plata R02858,9.9,3294
3488,27182,Hoja Tipo Palma Blanca B10015,18.8,2168
3489,24062,Hoja c/Pedreria Blanca A08316,7.7,2230
3490,27222,Hoja Blanca M21090,9.5,2232
3491,24042,Hoja Blanca M21113,9.2,2234
3492,27213,Hoja Roja M66032,10,2238
3493,27242,Hoja Dinero Blanca M63006,9.5,2236
3494,27250,Hoja Dinero Oro M63006,9.5,2247
3495,21010,Hoja Oro M05275,7.2,2237
3496,0,Libre,9.5,2242
3497,27210,Hoja Oro M66032,10,2244
3498,27370,Hoja Oro S05214,20,2246
3499,0,Libre,10,2252
3500,24172,Hoja Maple x3 Plata C05236,6,2245
3501,24173,Hoja Maple x3 Rojo C05236,6,2239
3502,27402,Hoja Maple x5 Blanca DL05072 ,15,2231
3503,27410,Hoja Maple x5 Oro DL05072 ,15,2241
3504,27422,Hoja Blanca M21076,16,2384
3505,27453,Hoja Tipo Coral Rojo M21047,9.5,2386
3506,23158,Mariposa c/Tiras Oro/Rojo A05103,13.63,2249
3507,23050,Pick de Flor X3 Oro M05262-1,10,2156
3508,23052,Pick de Flor X3 Plata M05262-1,10,2157
3509,23053,Pick de Flor X3 Roja M05262-1,10,2158
3510,26010,Pick de Bolitas Oro YV3148,13.7,2177
3511,26012,Pick de Bolitas Plata YV3148,13.7,2178
3512,26013,Pick de Bolitas Rojo YV3148,13.7,2179
3513,26016,Pick de Bolitas Verde YV3148,13.7,2180
3514,20153,Pick Figuras X3 Ro/Tur/Bco,22.5,2171
3515,23062,Pick de Aro Blanco C05482,5,2235
3516,25131,Pick 3 Nochebuenas Oro Rosado N05129,21,2254
3518,23090,Pick de Pino Oro M05233,10.31,2240
3519,23111,Pick Skimmia Oro Rosado N05104,19.5,2283
3520,28153,Pick nochebuena Rojo F89135,8.08,3303
3521,23130,Regalo con Tiras Oro A05102,13.63,2147
3522,23138,Regalo con Tiras Plata/Morado A05102,13.63,2149
3523,23139,Regalo con Tiras Rojo/Oro A05102,13.63,2148
3524,29431,Metro Liston Champagne H8436-38,5.63,2112
3525,29433,Metro Liston Oro F6176-04,4.46,2113
3526,29434,Metro Liston Rojo H843406,4.84,2115
3527,29440,Metro de liston Azul/Plata L7309711,3.98,2116
3528,29441,Metro de liston Cobre P8527220,3.28,2117
3542,59921,Nacimiento Barroco Oro,500,2194
3543,30023,Pie de Arbol Estamp Nochebuenas B/R/V 1M,86,2473
3544,30028,Pie De Arbol Estamp Santa rojo,86,2474
3545,30024,Pie De Arbol Estampado Muñecos y Reno Verde,86,2475
3546,33005,Bota Santa Verde/Blanco,70,3209
3547,33011,Bota Muñeco Roja/Blanco,70,3208
3548,33015,Bota Terciopelo Santa Oro/Beige,72,3420
3549,30211,Corona Santa Nomo Rojo,135,2754
3550,31340,Santa Chico Rojo a Cuadros ,7,3358
3551,31341,Muñeco Chico Rojo a Cuadros,7,3356
3552,31342,Reno Chico Rojo a Cuadros ,7,3357
3553,32160,Santa Mediano Rojo/Cafe,8.2,3355
3554,32161,Muñeco Mediano Rojo/Cafe,8.2,3353
3555,32162,Reno Mediano Rojo/Cafe,8.2,3354
3556,33223,Nomo Santa Oro/Beige,56,3222
3557,33228,Nomo Santa Rojo/Blanco,56,3206
3558,33313,Arlekin en Escalera Oro/Blanco,127,3232
3559,33318,Arlekin en Escalera Rojo/Oro,155,2460
3560,51282,Inflable 1.20M Muñeco con Regalos JL96205,540,2435
3561,51283,Inflable 1.20M Oso con Trineo y Muñecos  JL96097,620,3393
3562,51290,Inflable 1.30M Esfera Santa Feliz Nav JL96179,860,2356
3563,51811,Inflable 1.80M Santa Esfera y Oso  JL96173,1350,2829
3564,51829,Inflable 1.80M Esfera Santa Arriba JL96150,1100,2827
3566,61181,Bote 30 Esferas 4CM  TS-401-30AAA,50,2195
3567,61217,Bote 30 Esferas 4CM TS-401-30CCC,50,2196
3568,61262,Bote 30 Esferas 4CM TS-401-30D,50,2197
3569,61307,Bote 30 Esferas 4CM TS-401-30RJ,50,2198
3570,61310,Bote 30 Esferas 4CM TS-401-30RJD,50,2199
3571,0,Libre,114,2200
3572,63017,Bote 30 Esferas 6CM TS-60LDD-30CCC,116,2201
3573,63056,Bote 30 Esferas 6CM TS-60LDD-30MLP,116,2203
3574,63090,Bote 30 Esferas 6CM TS-60LDD-30P,116,2204
3575,63109,Bote 30 Esferas 6CM TS-60LDD-30RJ,116,2205
3576,63114,Bote 30 Esferas 6CM TS-60LDD-30RJD,116,2206
3577,0,Libre,169,2208
3578,63989,Bote 30 Esferas 7CM TS-702-30P,169,2209
3579,0,Libre,280,2210
3580,65222,Bote 40 Esferas 8CM TS-80DLCG-40D,288,3092
3581,0,Libre,312,2216
3582,49702,Corona verde 50CM,52.02,3256
3583,49731,Corona SSQ756-50 50CM ,185.25,2331
3584,59251,Inflable 1.50M Cripta c/Calav WS-30136,560,2181
3585,59301,Inflable 1.80M Dos Brujas WS-301317B,980.5,2183
3586,59501,Inflable 2.40M Catrina WS-201244,1450,2370
3587,59521,Inflable 2.40M Calavera WS-30137,950,2372
3588,59551,Inflable 2.40M Fantasma WS-301311-F,718.68,3504
3589,59571,Inflable 2.40M Momia WS-201259,937,2186
3590,59701,Inflable 3.30M Gato c/Mov Negro,1533,2814
3593,22031,Pick Nochebuena Oro Rosado N05090,11,2284
3594,59531,Inflable 2.40M Dragon C/Mov WS201220,1804.05,2811
3595,20156,Pick Figuras x3 Rojo/Verde,22.5,2257
3622,51828,Inflable 1.80M Esfera con Muñeco Arriba JL96083,930,3182
3623,29101,Buho Cafe L0817,88.27,2801
3624,49732,Corona SSQ103250 50CM,281.2,2332
3625,49733,Corona SQ102860 60CM,300.2,2333
3627,59922,Nacimiento Barroco Rojo,520,2999
3628,17126,Metro de Tira LED Blanca Doble Foco,33.82,2886
3630,59781,Inflable 6.30M Gato c/Mov WS2012-1,3006,2439
3632,10426,Serie Minicanica V8 LED 50 Luces Color 3.4M,30,3310
3633,31035,Par de Patines Rojos ,87.3,2807
3635,17604,Punta de Arbol 10 Luces Color Chica,42,2532
3696,11753,Serie V8 Conico LED 300 Luces Bco/Az c/Negro 15M,100,2620
3697,20033,Malla Roja SM-13,69.5,2583
3698,20076,Malla Corta Oro CSM-11,33.5,2585
3699,20066,Malla Corta Chocolate CSM12,33.5,2972
3700,20017,Malla Blanco Tornasol Sm03,69.5,2587
3701,20012,Malla Beige MFR-51,47,2588
3702,63063,Bote 30 Esferas 6CM B6O-30,86,2592
3703,63108,Bote 30 Esferas 6CM B6R-30,86,2594
3704,63089,Bote 30 Esferas 6CM B6P-30,86,2593
3705,62982,Bote 30 Esferas 6CM B6AD,99,2743
3706,63115,Bote 30 Esferas 6CM B6O/RD,99,2742
3707,0,Libre,99,2591
3708,11813,Serie V8 Conico LED 500 Luces Bco/Az c/Negro25M,185,2608
3709,32190,Santa con Cuerda CX15 Rojo/Blanco,137,2596
3710,32220,Santa c/Escalera Roja,196,2597
3711,32225,Santa c/Escalera Blanca,196,2598
3712,20018,Malla Blanca MFR50,47,2595
3713,10063,Serie LED 100 Luces Calida C/Transparente,34,3171
3714,10065,Serie LED 100 Luces Color c/Transparente,34,3395
3726,11622,Serie V8 Conico LED 100 Luces Blanca c/Negro 5M,36,2621
3729,11641,Serie V8 Conico Musical LED 100 Luces Bco/Az c/Negro 5M,45,2614
3731,11742,Serie V8 Conico LED 300 Luces Blanca c/Negro 15M,100,2618
3740,11744,Serie V8 Conico LED 300 Luces Calido c/Negro 15M,100,2619
3747,14181,Cascada Minicanica V8 LED 200 Luces Blanco C/Blanco 4M,95,2784
3755,11984,Serie LED 9V Esmerilado 50 Luces Calida c/Negro,24,2616
3757,12041,Serie Musical 9V Esmerilado 140 Luces Bca c/Transparente,60,2622
3758,12043,Serie Musical 9V Esmerilado 140 Luces Calido c/Transparente,60,2611
3759,12058,Serie Musical 9V Esmerilado 140 Luces Az c/Transparente,60,2612
3761,64199,Bote 35 Esferas 7CM Rojo/Bco 64199,194,2634
3766,10438,Serie Minicanica V8 LED 50 Luces Verde c/Verde,22,2625
3767,12102,Serie LED 9V Esmerilado 200 Luces Blanca c/Negro ,68,2617
3768,59252,Inflable 1.50M Fantasma Colgante WS5012F ,374.57,2654
3769,59302,Inflable 1.80M Trio de Calabaza WS5050C,851.52,2808
3770,59502,Inflable 2.40M Arbol c/Calabaza,980,3076
3771,0,Libre,194,2635
3772,0,Libre,76,2691
3773,51899,Inflable 1.8M Muñeco Esquiando W5001M,774.9,2668
3774,51595,Inflable 1.50m Santa C/Chamarra Roja,880.84,2669
3775,0,Libre,86,2697
3777,64739,Bote 20 Esferas 8CM B8R+W-20,94,2696
3778,59751,Inflable 4.50M Esqueleto WS201235,2546,2810
3779,17741,Serie Esfera c/Figura Adentro ,160,3546
3780,17605,Punta de Arbol 12 Luces Bicolor JL3334,36,3372
3781,17625,Punta de Arbol 18 Luces Bicolor JL3335,56,2719
3782,17644,Punta de Arbol 20 Luces Bicolor JL8001,65,2724
3783,0,Libre,38,2858
3784,17645,Punta de Arbol 30 Luces Calido JL8017,50,2861
3785,51247,Inflable 1.2M Muñeco C/Regalos Afelpado JL96206,760,2831
3786,10428,Serie Minicanica V8 LED 50 Luces Azul c/Negro,30,2721
3787,10578,Serie Minicanica V8 LED 300 Luces Azul c/Verde,10000,2822
3788,17626,Punta de Arbol 20 Luces Magica Blanca JL8002A,63,3391
3789,0,Libre,99,2744
3790,0,Libre,110,2699
3791,9005,Cople para Manguera 3 Pines ,3,3433
3792,17733,Serie de Araña LED 10 Luces Morado ,152,2738
3793,10070,Serie LED 100 Luces Naranja c/Naranja 5.5M,33,3134
3794,17630,Punta de Arbol 31 Luces Rojo JL8008,66,2953
3795,17627,Punta de Arbol 31 Luces Azul JL8008,66,2790
3796,17628,Punta de Arbol 31 Luces Az/Bco JL8008,66,2791
3797,0,Libre,66,2789
3798,17629,Punta de Arbol 31 Luces Calida JL8008,66,2793
3799,14183,Cascada Minicanica V8 LED 200 Luces Color C/Blanco 4M,95,2785
3801,63963,Bote 30 Esferas 7CM TS-70DLCG-30D,175,2797
3802,63990,BOTE 30 ESFERAS 7CM TS-70DLCG-30P,175,2798
3803,64008,Bote 30 esferas 7CM TS-70DLCG-30RJ,175,2799
3804,64014,Bote 30 Esferas 7CM TS-70DLCG-30RJD ,175,2800
3805,29116,Ardilla Sentada YS19667,101.85,2803
3806,31032,Par de Botitas Mini Roja ,56.26,2805
3807,31031,Par de Botitas Mini Blanca,56.26,2806
3808,9053,Control Tira Led Doble Foco Fijo,30,3431
3809,0,Libre,114,2850
3810,0,Libre,114,2851
3811,63113,Bote 30 Esferas 6CM TS-601-30RJD,114,2852
3813,17103,Metro Tira Led Roja ,24.8,2882
3814,17104,Metro Tira Led Verde,24.79,2883
3815,0,Libre,878.75,2869
3816,0,Libre,878.75,2870
3817,0,Libre,878.75,2871
3818,41551,Arbol 340 Luces LED 2.20M Blanco,1692.9,2875
3819,41552,Arbol 340 Luces LED 2.20M Calido,1692.9,2874
3820,14068,Cascada LED 400 Luces Az/Bco C/Azul 8M,137.99,2887
3825,10587,Serie Minicanica V8 LED 300 Luces Tricolor c/Verde 16.4M,113,2903
3827,40153,Arbol 1.20M Verde Esponjoso ZG120A,250.2,2927
3831,52499,Inflable 2.4M Santa c/Osos ML9180,1126.88,2944
3832,51885,Inflable 1.8M Santa c/Esfera y Muñeco ML9204,1474.95,2945
3833,51284,Inflable 1.2M Santa c/Arbol Ml9217,739.97,2946
3834,51886,Inflable 1.8M Muñecos con Pingüino ML9222,1499.94,2947
3841,40402,Arbol Naviplastic 1.90M Monarca Verde ,652.07,2955
3842,40503,Arbol Naviplastic 2.20M Monarca Verde ,939.22,2956
3843,0,Libre,169,2960
3849,40505,Arbol 2.20M Verde Royal Canada,1253.35,2962
3850,49861,Metro Guirnalda Verde Nevada ,23.86,2963
3963,27023,Ramita Chocolate F78089,18.53,3288
3965,24050,Hoja Oro M21113,8.74,3295
3966,24052,Hoja Plata M21113,8.74,3296
3967,24053,Hoja Roja M21113,8.74,3297
3968,27203,Hoja Chocolate M66032,9.5,3298
3969,27212,Hoja Plata M66032,9.5,3299
3972,23110,Pick Skimmia Oro N05104,18.53,3301
3973,23112,Pick Skimmia Plata N05104,18.53,3302
3974,41453,Arbol con Flores LED Blanco 1.80M  ,1550,3510
3975,17534,Cortina LED 800 Luces Blanca Fija C/Transp 3X3M,365.07,3153
3976,59914,Nacimiento Oro Tradicional,500,3522
3980,23162,Pick Skimmia Blanco N05064,18.53,3525
3981,23170,Pick Skimmia Oro N05064,18.53,3526
3982,29035,Berrie Rojo Nevado 710236,28.5,3535
3985,25253,Nochebuena Med Roja A30013/12,9.11,3538
3986,25250,Nochebuena Med Oro A30013/12,9.11,3539