"1809","17728","Serie 100 Luces Blanca","15.00","882"
"1811","17748","Guía con 8 Tubitos LED Blanco/Azul 2.1M ","1.00","3088"
"1812","16528","Manguera Plana LED Verde 10m","158.00","3073"
"1813","16530","Manguera Plana LED Blanco/Rosa 10m","158.00","3075"
"1816","123456","Trio Navideño de Plastico","370.00","1360"
"1817","30029","Pie de Arbol Estamp Nochebuenas Bco","72.00","3403"
"1818","16531","Manguera Plana LED Morada 10m","158.00","3074"
"1821","10031","Serie LED 50 Luces Blanca C/Transparente 3.5M","25.00","136"
"1822","10034","Serie LED 50 Luces Calida c/Verde 6.5M","29.00","754"
"1823","10033","Serie LED 50 Luces Calida C/Transparente 3.5M","25.00","175"
"1824","10036","Serie LED 50 Luces Color c/Verde 6.5M","29.00","193"
"1825","10035","Serie LED 50 Luces Color C/Transparente 3.5M","25.00","137"
"1827","10039","Serie Led 50 Luces Morada c/Morado","29.00","3149"
"1828","10061","Serie LED 100 Luces Blanca C/Transparente 5.5M","34.00","176"
"1829","10064","Serie LED 100 Luces Calida c/Verde 5.5M","33.00","489"
"1830","10066","Serie LED 100 Luces Color c/Verde 5.5M","33.00","177"
"1831","10068","Serie LED 100 Luces Azul c/Azul6M","36.20","194"
"1832","10069","Serie LED 100 Luces Morada c/Morado","33.00","2714"
"1833","10092","Serie Musical LED 140 Luces Blanca c/Verde 7.6M","68.00","1181"
"1834","10094","Serie Musical LED 140 Luces Calida  c/Verde 7.6M","68.00","718"
"1835","10095","Serie Musical LED 140 Luces Color C/Transparente 6.2M","61.00","167"
"1836","62084","Bote 30 Esferas 5CM Azul/Plata P6130C-1","75.00","3487"
"1837","10122","Serie LED 140 Luces Blanca c/Verde7.6M","68.00","694"
"1838","10121","Serie LED 140 Luces Blanca C/Transparente 7M","68.00","138"
"1839","62156","Bote 30 Esferas 5CM Morado/Lila/Plata P6130C-2","75.00","3497"
"1840","10181","Serie LED 300 Luces Blanca C/Transparente 16.4M","109.00","158"
"1841","62984","Bote 30 Esferas 6CM Azul/Plata P6131-1","107.00","3488"
"1842","10184","Serie LED 300 Luces Calida c/Verde 15M","109.00","562"
"1843","10183","Serie LED 300 Luces Calida C/Transparente 15M","109.00","195"
"1844","10185","Serie LED 300 Luces Color C/Transparentep 15M","109.00","139"
"1845","63018","Bote 30 Esferas 6CM Chocolate P6131-3","89.00","3490"
"1846","10188","Serie LED 300 Luces Azul C/Azul 15M","109.00","899"
"1847","63057","Bote 30 Esferas 6CM Morado/Lila/Plata P6131-2","107.00","229"
"1848","10189","Serie LED 300 Luces Morada C/Morado 15M","109.00","1188"
"1849","63918","Bote 30 Esferas 7CM Chocolate P6130D-2","139.00","1136"
"1850","10191","Serie LED 300 Luces Roja C/Rojo 15M","109.00","561"
"1851","63956","Bote 30 Esferas 7CM Morado/Lila/Plata P6130D-1","162.00","3498"
"1852","64781","Bote 30 Esferas 8CM Azul P6131E-3","215.00","3495"
"1853","10198","Serie LED 300 Luces Verde C/Verde 15M","109.00","2493"
"1854","64817","Bote 30 Esferas 8CM Chocolate P6131E-2","195.00","3491"
"1855","64862","Bote 30 Esferas 8CM Oro P6131E-4","215.00","3492"
"1856","64856","Bote 30 Esferas 8CM Morado/Lila/Plata P6131E-1","223.00","3493"
"1857","10241","Serie LED 500 Luces Blanca C/Transparente 25M","133.00","159"
"1858","10243","Serie LED 500 Luces Calida C/Transparente 25M","133.00","140"
"1859","10245","Serie LED 500 Luces Color C/Transparente 25M","133.00","160"
"1861","64907","Bote 30 Esferas 8CM Rojo P6131E-5","215.00","3496"
"1862","64793","Bote 30 Esferas 8CM Blanco P6130E	","236.00","3237"
"1863","62993","Bote 30 Esferas 6CM Blanco P6130","123.00","3236"
"1864","64818","Bote 30 Esferas 8CM Chocolate/Oro","253.00","196"
"1865","64820","Bote 30 Esferas 8CM Chocolate/Cobre","218.00","197"
"1870","51887","Inflable 1.8M Santa Traje Metalico Rojo JL96302","1150.00","3399"
"1871","14041","Cascada LED 300 Luces Blanca C/Transparente 6 M","101.00","230"
"1872","14042","Cascada LED 300 Luces Calida C/Transparente 6 M","101.00","231"
"1873","14043","Cascada LED 300 Luces Color C/Transparente 6M","101.00","232"
"1874","14045","Cascada LED 300 Luces Azul C/Azul 6M","106.00","406"
"1875","52001","Inflable 2M Oso c/Muñeco Arriba JL96314","1080.00","3183"
"1877","14081","Cascada LED 500 Luces Blanca C/Transparente 10M","164.00","233"
"1878","29472","Rollo Liston 50 M Escoses 903-43","215.65","3104"
"1879","14083","Cascada LED 500 Luces Color C/Transparente 10M","164.00","234"
"1880","29473","Rollo Liston Oro H843403","229.90","745"
"1881","29443","Metro Liston Oro H843403","212.00","761"
"1882","29474","Rollo Liston Rojo H843206","246.05","3107"
"1883","17746","Guia con 8 Tubitos LED Calida 2.1M","112.00","1366"
"1885","40261","Arbol 1.50M Verde Nevado ZG150A/D","423.90","3253"
"1887","40367","Arbol 1.80M Verde Nevado ZG180A/D","585.90","3254"
"1888","17421","Red LED 320 Luces Blanca C/Transp 1.6X1.9M","135.00","198"
"1889","17423","Red LED 320 Luces Color C/Transp 1.6X1.9M","135.00","168"
"1890","17424","Red LED 320 Luces Blanco/Azul 1.85X1.65M","135.00","3141"
"1891","40467","Arbol 2.10M Verde Nevado ZG210A/D","701.60","3255"
"1892","62162","Bote 30 Esferas 5CM TS-503-30D","71.40","877"
"1893","17682","Destellador Laser 4 Tarjetas Intercambiables ML5000C","127.50","412"
"1894","62189","Bote 30 esferas 5CM TS-503-30P","71.40","411"
"1895","41252","Pino Acero LED Calido 1.2M ","335.00","418"
"1896","41253","Pino Acero LED Color 1.2M ","335.00","419"
"1897","17661","Foco Tipo Rosquilla","0.00","415"
"1899","41451","Pino Acero LED Color 1.8M ","378.00","421"
"1900","41452","Pino Acero LED Calido 1.8M ","378.00","420"
"1910","59254","Inflable 1.50M Gato c/Mov Negro","780.00","913"
"1911","63919","Bote 30 Esferas 7CM Chocolate/Oro","285.00","417"
"1912","64046","Bote 30 Esferas 7CM Verde/Oro","99.00","873"
"1913","17855","Juego 4 Bastones Gde LED Rojo","153.00","199"
"1914","17853","Juego 8 Bastones Med LED Rojo 2.3M","120.00","169"
"1915","14242","Cascada Minicanica V8 LED 500 Luces Calida C/Blanco 10M","226.00","1206"
"1916","14202","Cascada Minicanica V8 LED 300 Luces Calida C/Blanco 6M","133.00","746"
"1918","16984","Metro de Manguera Led Bicolor","13.62","3022"
"1919","64784","Bote 30 Esferas 8CM Azul/Plata","1985.50","2741"
"1920","17601","Punta de Arbol 10 Luces Blanca Chica","30.50","1154"
"1921","17602","Punta de Arbol 10 Luces Bicolor Chica","38.00","200"
"1922","52107","Inflable 2.1M Muneco de Nieve C/Movimiento WS30137M","789.00","1407"
"1925","17631","Punta de Arbol 18 Luces LED Bicolor Dorada JL3306","60.00","201"
"1926","17621","Punta de Arbol 18 Luces LED Calida Dorada JL3306BB","60.00","178"
"1930","17641","Punta de Arbol 18 Luces LED Calida Dorada JL3307","82.00","425"
"1932","59932","Pesebre","80.00","3405"
"1933","9054","Control Tira LED Doble Foco c/Mov","32.00","3432"
"1934","9056","Cople para Tira Doble Foco","3.50","3434"
"1935","17725","Serie Rosa Tipo DIM LED 28 Luces Roja","81.80","377"
"1936","17724","Serie Rosa Tipo DIM LED 28 Luces Color","81.80","376"
"1937","9055","Cople para Tira Sencilla","3.00","3435"
"1938","64838","Bote 30 Esferas 8CM Fiusha/Plata","40.00","1173"
"1939","64937","Bote 30 Esferas 8CM Turquesa/Plata","40.00","1176"
"1940","64943","Bote 30 Esferas 8CM Verde Combinado","40.00","1174"
"1941","10424","Serie Minicanica V8 LED 50 Luces Calida 3.4M","29.00","1353"
"1942","64889","Bote 30 Esferas 8CM Plata","30.47","141"
"1943","10422","Serie Minicanica V8 LED 50 Luces Blanca 3.4M","29.00","1330"
"1944","10463","Serie Minicanica V8 LED 100 Luces Bco/Az c/Verde 6.6M","45.00","3129"
"1946","10454","Serie Minicanica V8 LED 100 Luces Calida c/Verde 6.5M","45.00","731"
"1947","10452","Serie Minicanica V8 LED 100 Luces Blanca c/Verde 6.5M","42.00","730"
"1948","10456","Serie Minicanica V8 LED 100 Luces Color c/Negro 6.5M","42.00","142"
"1949","20236","Flor Pedreria Chica Verde A05287","7.50","857"
"1950","17861","Esfera Transparente de Santa c/Luz","15.50","3477"
"1951","28041","Nochebuena Azul Marino DL64014","14.00","867"
"1953","10572","Serie Minicanica V8 LED 300 Luces Blanca c/Verde 15M","106.00","496"
"1954","10574","Serie Minicanica V8 LED 300 Luces Calida 15M","106.00","143"
"1956","17096","Metro de Tira LED Blanca Luminosa","27.50","1376"
"1957","34004","Colgante Santa de Madera c/Piñas","16.80","2319"
"1958","17745","Guia con 8 Tubitos LED Blanca 2.1M","102.00","392"
"1959","17747","Guía con 8 Tubitos LED Color 2.1M ","102.00","393"
"1961","17734","Serie Uva Grande LED 88 Luces Roja 2.7M","105.00","163"
"1962","17710","Serie de Gota De Agua Azul","30.00","904"
"1964","59732","Inflable 3.60M Fantasma c/Calavera WS-301315-F","1251.63","3505"
"1965","59504","Inflable 2.40M Ataud Vampiro c/Mov WS-301356","1976.95","3507"
"1966","59303","Inflable 1.80M Familia de Monstruos WS-5011-F","741.00","3509"
"1968","5303","Goggles","13.20","1385"
"1969","59721","Inflable 3.50M Elefante c/Calabaza WS-301336","1078.25","3506"
"1971","17736","Guía con 6 Tubitos LED 108 Luces Color 2.1M","98.50","768"
"1972","30810","Tapete Navideño Santa ","46.00","3233"
"1975","17709","Serie de Gota De Agua Blanca 2.7M","44.88","2381"
"1984","30811","Tapete Navideño Figuras ","46.00","865"
"1986","10459","Serie Minicanica V8 LED 100 Luces Morada c/Negro 6.5M","45.00","805"
"1987","10576","Serie Minicanica V8 LED 300 Luces Color c/Verde 15M","106.00","144"
"1988","10579","Serie Minicanica V8 LED 300 Luces Morada c/Verde 15M","0.00","806"
"1995","0","Libre","75.00","1046"
"1996","64709","Bote 20 Esferas 8CM Plata B8P-20pz","94.00","1054"
"1997","0","Libre","103.00","710"
"2002","16041","Manguera Oferta LED Blanca 10M ","110.00","179"
"2003","0","Libre","91.00","170"
"2004","0","Libre","69.00","707"
"2005","0","Libre","69.00","1077"
"2009","17708","Serie de 10 Tubitos LED Blanco Flash 4M","65.00","809"
"2010","17749","Serie Bala Larga LED 300 Luces Morada C/Transp 15M","40.00","1166"
"2011","30812","Tapete Navideño Santa y Pinos ","46.00","3235"
"2012","34003","Colgante Navideño de Madera","4.50","3424"
"2014","59731","Inflable 3.60M 6 Calabazas WS30133","997.50","2809"
"2016","14025","Cascada LED 200 Luces Azul c/Transparente 3.7M","75.00","3117"
"2020","0","Libre","90.00","807"
"2021","41001","Arbol 2.10M Verde Fibra Optica Bicolor JLA001-21","1630.00","1712"
"2022","40102","Arbol 90cm Verde cepillo ZG90-PS","96.84","3260"
"2027","17856","Cometa De Metal 80 L","140.00","2391"
"2031","51891","Inflable 1.80M Esfera con Nacimiento JL96154","850.00","708"
"2034","0","Libre","46.00","171"
"2035","150301","40L  Foco Grande ","46.00","172"
"2036","0","Libre","46.00","173"
"2037","0","Libre","110.00","897"
"2039","0","Libre","37.00","157"
"2040","0","Libre","122.00","203"
"2041","0","Libre","122.00","204"
"2042","0","Libre","122.00","205"
"2043","0","Libre","122.00","206"
"2044","51604","Inflable Grupo Musical 160cm Jl96144","1510.00","2565"
"2047","0","Libre","185.00","1034"
"2050","20107","Mariposa Mini Morada Obscura R05935","3.33","91"
"2051","20110","Mariposa Mini Oro R05935","3.33","92"
"2052","20112","Mariposa Mini Plata R05935","2.50","93"
"2053","20113","Mariposa Mini Roja R05935","3.33","94"
"2054","20114","Mariposa Mini Rosa R05935","3.33","95"
"2055","20115","Mariposa Mini Turquesa R05935","3.33","96"
"2056","20116","Mariposa Mini Verde R05935","2.50","97"
"2057","0","Libre","44.00","647"
"2058","20121","Mariposa Chica Azul Marino W4762","7.50","98"
"2059","20122","Mariposa Chica Blanca W4762","7.50","99"
"2060","20124","Mariposa Chica Cobre W4762","5.40","100"
"2061","20127","Mariposa Chica Morada Obscura W4762","7.50","101"
"2062","40452","Arbol 2.10M Blanco ZG210AB","759.60","3470"
"2063","20130","Mariposa Chica Oro W4762","7.50","102"
"2064","20132","Mariposa Chica Plata W4762","7.50","103"
"2065","20133","Mariposa Chica Roja W4762","6.65","104"
"2066","20135","Mariposa Chica Turquesa W4762","6.65","387"
"2067","20136","Mariposa Chica Verde W4762","6.65","105"
"2068","20131","Mariposa Chica Oro Rosado W4762","7.50","106"
"2069","25053","Nochebuena Roja N63666","17.00","751"
"2070","22001","Nochebuena Chica Azul Marino F054771","10.45","1271"
"2071","22002","Nochebuena Chica Blanca F054771","11.00","334"
"2074","22010","Nochebuena Chica Oro F054771","11.00","335"
"2075","22012","Nochebuena Chica Plata F054771","10.45","336"
"2076","22013","Nochebuena Chica Roja F054771","10.45","337"
"2079","34201","Casita Decorada C/Luz ","26.50","3425"
"2080","20183","Pick Piñas y Flores N01611","10.66","3476"
"2081","34601","Punta de Arbol Estrella de Metal s/Luz ","36.20","856"
"2082","29495","Rollo Chico 4.57M Liston Decorado","15.00","3475"
"2084","24410","Estrellitas Oro M10009","16.00","107"
"2085","24412","Estrellitas Plata M10009","15.20","108"
"2086","24413","Estrellitas Rojas M10009","16.00","109"
"2088","23001","Mariposa Mediana Azul Marino W4763","11.00","110"
"2091","0","Libre","11.00","111"
"2092","30025","Pie de Arbol Estamp Esferas Blanco/Oro 1M","72.00","3404"
"2093","30026","Pie de Arbol Estamp Santa Rojo/Oro","73.00","3474"
"2094","23010","Mariposa Mediana Oro W4763 - A05286","13.00","386"
"2095","23012","Mariposa Mediana Plata W4763 - A05286","11.00","388"
"2096","23013","Mariposa Mediana Roja W4763 -A05286","11.00","112"
"2097","30027","Pie de Arbol Santa con Muñeco Rojo","131.00","3473"
"2099","17707","Serie Gran Fibra LED 500 Luces Color 35M","105.00","808"
"2100","33373","Gorro c/Estrellas Rojo ","8.69","3359"
"2101","28343","Nochebuena Diaman Champange R05922","10.00","2281"
"2102","11982","Serie LED 9V Esmerilado 50 Luces Blanca c/Negro ","24.00","2615"
"2103","28350","Nochebuena Diaman Oro R05922","10.00","2279"
"2104","31250","Santa Colgante TN-B07TB","9.05","3360"
"2105","28353","Nochebuena Diaman Roja R05922","10.00","2280"
"2107","27010","Hoja M21114 Oro","22.50","1513"
"2109","31251","Muñeco Colgante TN-B07TB","9.07","3361"
"2110","23224","Flor Pedreria Cobre A05152","11.40","342"
"2111","0","Libre","35.00","343"
"2112","31252","Reno Colgante TN-B07TB","9.10","3362"
"2113","17174","Rollo Manguera LED Bicolor 100M","12.00","113"
"2114","0","Libre","35.00","1819"
"2115","31253","Oso Colgante TN-B07TB","9.05","344"
"2117","25021","Nochebuena Azul Marino M05210","18.50","135"
"2118","25022","Nochebuena Blanca M05210","18.50","329"
"2119","25030","Nochebuena Oro M05210","18.50","330"
"2120","25032","Nochebuena Plata M05210","17.58","331"
"2121","25033","Nochebuena Roja M05210","17.58","332"
"2122","31370","Santa en Cuerda Oro/Beige","9.00","333"
"2123","0","Libre","44.00","648"
"2124","31371","Muñeco en Cuerda Oro/Beige","9.00","3216"
"2125","31372","Reno en Cuerda Oro/Beige","9.00","3217"
"2126","31375","Santa en Cuerda Rojo a Cuadros","8.70","3215"
"2127","31376","Muñeco en Cuerda Rojo a Cuadros","8.70","3213"
"2128","27055","Rama Turquesa C05017","16.00","2256"
"2129","31377","Reno en Cuerda Rojo a Cuadros","8.70","3214"
"2130","27056","Rama Verde W4852 - C05017","16.00","358"
"2131","32230","Figura Santa c/Lentes y Leña Rojo/Cafe","91.00","3223"
"2132","29005","Berries F02376","23.28","1373"
"2133","31406","Figura Santa c/Costal Rojo/Cafe","39.00","1585"
"2134","31400","Figura Santa c/Mandil y Paleta Rojo/Blanco","40.00","3220"
"2135","24430","Hoja de Estrellitas Oro C05277","20.59","2243"
"2136","27001","Hoja M21114 Blanca","22.50","1521"
"2138","33160","Santa Oro/Chocolate","30.00","3202"
"2139","27022","Ramita Plata F78089","19.50","114"
"2140","33161","Muñeco Oro/Chocolate","30.00","115"
"2141","27024","Ramita Cobre F78089","19.50","116"
"2143","28001","Nochebuena Diamantada Chica Azul Marino 5124","23.00","389"
"2144","28002","Nochebuena Diamantada Chica Blanca M05124","23.00","327"
"2145","28004","Nochebuena Diamantada Chica Cobre M05124","17.00","118"
"2146","28007","Nochebuena Diamantada Chica Morada Obscura M05124","20.90","119"
"2147","33162","Reno Oro/Chocolate","30.00","3201"
"2148","28010","Nochebuena Diamantada Chica Oro M05124","23.00","326"
"2149","28012","Nochebuena Diamantada Chica Plata M05124","23.00","1277"
"2150","28013","Nochebuena Diamantada Chica Roja M05124","23.00","120"
"2152","28016","Nochebuena Diamantada Chica Verde M05124","16.15","328"
"2153","28011","Nochebuena Diamantada Chica Oro Rosado M05124","23.00","121"
"2155","28304","Nochebuena Terciopelo Chica Cobre R05923","34.20","122"
"2156","28307","Nochebuena Terciopelo Chica Morada R05923","34.20","3283"
"2157","28310","Nochebuena Terciopelo Chica Oro R05923","25.00","123"
"2158","28312","Nochebuena Terciopelo Chica Plata R05923","24.70","1654"
"2159","28313","Nochebuena Terciopelo Chica Roja R05923","34.20","124"
"2160","9003","Control P/manguera 3 Pines Fijo","25.00","1564"
"2162","28062","Nochebuena c/Clip Blanco Perla N06691","28.00","2227"
"2163","28071","Nochebuena c/Clip Oro Rosado N06691","25.50","2226"
"2164","28070","Nochebuena c/Clip Oro N06691","28.00","2166"
"2165","51246","Inflable 1.20M Muñeco de Nieve que Tiembla JL96135","420.00","1325"
"2166","0","Libre","77.00","1920"
"2168","33193","Hada Navideña Oro/Beige","40.00","3422"
"2169","25130","Pick 3 Nochebuenas Oro N05129","19.95","3300"
"2170","12023","Serie LED Lupa 100 Luces Blanco/Azul","46.00","3113"
"2171","14022","Cascada LED 200 Luces Calida C/Transp 4M","75.00","3118"
"2172","16287","Manguera Neon LED Roja 10m","316.50","3135"
"2173","16288","Manguera Neon LED Verde 10m","316.50","3136"
"2174","17720","Serie Canica LED 100 Luces Morada","85.74","3138"
"2175","17744","Liston LED Rojo","70.00","3150"
"2176","17718","Serie de Pinzas 20 Luces LED Blanca","66.50","3151"
"2178","24010","Hojita Oro C21058","5.00","1"
"2179","24012","Hojita Plata C21058","4.75","2"
"2180","24013","Hojita Roja C21058","5.00","3"
"2181","17532","Cortina LED 800 Luces Calida Flash C/Transp 3X3M","388.98","1112"
"2185","23016","Mariposa Mediana Verde W4763","11.00","2130"
"2186","0","Libre","74.50","1914"
"2187","28351","Nochebuena Diaman Oro Ros R05922","10.00","2282"
"2189","0","Libre","35.00","1820"
"2190","0","Libre","35.00","1822"
"2191","23236","Flor Pedreria Verde A05152","11.40","125"
"2192","0","Libre","82.65","566"
"2193","29112","Buho Blanco L0962","95.06","567"
"2194","29121","Set de 2 Pajaros Blancos M185011","42.75","568"
"2195","29122","Set de 2 Pajaros Rojos M185014","42.75","569"
"2196","29123","Set de 2 Pajaros Oro M185015","45.00","570"
"2197","17622","Punta de Arbol 16 Luces LED Blanca Plata Chica","62.00","1349"
"2198","17643","Punta de Arbol 18 Luces LED Blanca Plata JL3307B","82.00","1062"
"2199","0","Libre","35.00","1818"
"2200","10123","Serie LED 140 Luces Calida C/Transparente","57.50","1305"
"2204","40352","Arbol 1.80M Verde con Piñas SP735-180","2045.00","1381"
"2205","29111","Buho Blanco L0784 de 20CM","111.06","619"
"2206","10199","Serie LED 300 Luces Verde C/Transparente 15M","41.80","620"
"2208","20011","Malla Beige SM04","69.50","755"
"2209","20016","Malla Blanco/plata Sm17","69.50","2584"
"2211","20021","Malla Morada SM07","59.85","672"
"2213","20026","Malla Oro SM33","59.85","385"
"2215","20032","Malla Roja MF17","44.65","543"
"2222","52472","Inflable 2.40M Santa con Muñeco Adentro JL96175","1150.00","1374"
"2234","17714","Serie de Flor 20 Luces LED Bicolor","145.00","971"
"2235","30604","Cojin Lentejuela Rojo Feliz Navidad 38X38CM","112.00","986"
"2236","30606","Cojin Lentejuela Rojo Pino 38X38CM","112.00","985"
"2237","52463","Inflable 2.40M Muñeco De Nieve JL96146","600.00","670"
"2238","31310","Caja 12 Muñecos de Navidad Peluche Beige/Roj 17X28CM","233.00","3221"
"2239","31283","Pieza Muñeco Peluche Beige/Roj","21.25","969"
"2246","41454","Arbol con Flores LED Calido 1.80M","1550.00","3512"
"2247","60013","Caja 24 esferas 3CM Cafe Laca","22.00","1805"
"2248","28323","Nochebuena Terciopelo Beige RK05928","24.70","1515"
"2250","27322","Vara c/Acrilico Blanca SEM4425W","18.00","1586"
"2252","60011","Caja 24 esferas 3CM Cafe Brillante ","22.00","1804"
"2253","0","Libre","27.00","1811"
"2254","41455","Arbol con Flores LED Bicolor 1.80 M","1550.00","1588"
"2256","28082","Nochebuena Blanca W05240","32.00","1589"
"2257","27273","Hoja Roja M63078","8.55","1592"
"2258","28113","Nochebuena Roja N06689","18.50","1590"
"2259","28133","Nochebuena Roja W06273","25.00","1591"
"2261","0","Libre","35.00","1821"
"2262","0","Libre","32.00","1823"
"2263","23100","Pick Skimmia N05104","8.55","1593"
"2264","32137","Reno de Peluche Roj/Vde 23X13CM","28.00","957"
"2265","32130","Santa Claus de Peluche Oro/Beige 23X13CM","27.50","959"
"2266","32132","Reno de Peluche Oro/Beige 23X13CM","28.00","960"
"2267","30202","Corona Feliz Navidad con Figuras Roj/Vde 34X34CM","120.00","951"
"2268","30201","Corona Feliz Navidad con Figuras Beige/Oro 34X34CM","121.00","952"
"2269","25040","Nochebuena N63666","210.00","979"
"2270","30050","Pie de Arbol Figuras Navideñas Rojo 1M","206.00","980"
"2271","32135","Santa Claus de Peluche Roj/Vde 23X13CM","28.00","956"
"2272","32136","Muñeco de Nieve de Peluche Roj/Vde 23X13CM","28.00","958"
"2273","5302","Cubrebocas Kn95","9.50","1384"
"2274","60021","Caja 24 esferas 3CM Fiusha Brillante ","22.00","1806"
"2275","60031","Caja 24 esferas 3CM Morado Brillante ","22.00","1807"
"2276","60036","Caja 24 esferas 3CM Oro Brillante ","22.00","1808"
"2277","32131","Muñeco de Nieve de Peluche Oro/Beige 23X13CM","28.00","1383"
"2278","60046","Caja 24 esferas 3CM Plata Brillante ","22.00","1809"
"2279","0","Libre","22.00","1810"
"2280","0","Libre","27.00","1812"
"2281","60440","Caja 12 Esferas 8CM Decorada 902","69.50","1916"
"2282","0","Libre","74.50","1858"
"2284","0","Libre","40.00","871"
"2285","14005","Cascada 200 Luces Blanca c/Blanco","20.00","872"
"2286","0","Libre","60.00","875"
"2287","0","Libre","60.00","876"
"2288","0","Libre","15.00","884"
"2289","0","Libre","15.00","883"
"2290","0","Libre","120.00","880"
"2291","0","Libre","30.00","878"
"2292","0","Libre","50.00","886"
"2293","0","Libre","90.00","889"
"2294","0","Libre","20.00","895"
"2295","0","Libre","30.00","893"
"2296","0","Libre","20.00","892"
"2297","0","Libre","20.00","896"
"2298","16503","Manguera Plana Color 5m ","80.00","950"
"2310","17642","Punta de Arbol 18 Luces LED Bicolor Dorada JL3307A","82.00","1308"
"2313","29432","Metro Liston Plata G7192-02","4.60","2114"
"2314","16043","Manguera Oferta LED Color 10M ","111.00","1302"
"2316","16042","Manguera Oferta Led  Calida 10 M","111.00","1304"
"2318","29435","Metro de Liston Rojo y Oro P8601844","3.01","944"
"2326","49902","Metro de Feston Blanco","2.42","351"
"2328","49908","Metro de Feston Oro","2.76","316"
"2329","49909","Metro de Feston Plata","2.76","317"
"2330","49910","Metro de Feston Rojo","2.75","610"
"2332","49941","Metro de Feston Boa Nevado ZG-E209C","2.42","310"
"2333","49946","Metro de Feston Boa Verde","2.42","309"
"2334","49851","Metro de Guirnalda Blanca","16.38","312"
"2335","49701","Corona Verde 40CM","31.00","313"
"2336","49706","Corona Blanca 40CM","34.00","314"
"2338","49703","Corona Verde 60CM","53.51","756"
"2340","49922","Rollo 20M Feston Blanco","53.01","3257"
"2342","49928","Rollo 20M Feston Oro","59.99","3258"
"2343","49929","Rollo 20M Feston Plata","59.99","3343"
"2344","49930","Rollo 20M Feston Rojo","59.94","3259"
"2374","0","Libre","94.30","675"
"2375","0","Libre","94.30","676"
"2376","0","Libre","37.66","288"
"2377","0","Libre","37.66","279"
"2378","0","Libre","37.66","281"
"2379","0","Libre","37.66","280"
"2380","0","Libre","37.66","287"
"2382","0","Libre","35.00","1826"
"2385","0","Libre","35.00","1828"
"2387","0","Libre","32.00","1831"
"2388","0","Libre","32.00","1833"
"2391","0","Libre","33.00","1834"
"2392","0","Libre","32.00","1836"
"2393","0","Libre","47.00","1843"
"2394","59503","Inflable 2.40M Barco c/Fantasma WS-201233","1351.85","3503"
"2395","64624","Bote 24 Esferas 8CM Blanca B8W-24pz","120.00","424"
"2397","0","Libre","111.50","383"
"2398","0","Libre","111.50","359"
"2399","0","Libre","104.50","360"
"2400","0","Libre","50.00","1855"
"2403","0","Libre","114.00","293"
"2404","0","Libre","104.00","294"
"2405","0","Libre","104.00","284"
"2408","63917","Bote 30 Esferas 7CM Chocolate y Oro TS-702-30CCC","169.00","282"
"2409","63962","Bote 30 Esferas 7CM TS-702-30D","169.00","285"
"2410","64007","Bote 30 Esferas 7CM TS-702-30RJ","169.00","267"
"2411","64013","Bote 30 Esferas 7CM TS-702-30RJD","169.00","273"
"2413","0","Libre","74.50","1857"
"2414","65279","Bote 40 Esferas 8CM Roja y Blanca B8R+W-40pz","185.00","423"
"2415","0","Libre","74.50","1935"
"2416","0","Libre","215.00","361"
"2417","0","Libre","215.00","362"
"2418","0","Libre","74.50","1918"
"2419","0","Libre","365.00","363"
"2420","0","Libre","365.00","295"
"2421","0","Libre","365.00","296"
"2424","0","Libre","74.50","1919"
"2425","0","Libre","74.50","1863"
"2426","0","Libre","74.50","1913"
"2427","0","Libre","74.50","1932"
"2428","0","Libre","74.50","1865"
"2429","0","Libre","74.50","1933"
"2430","0","Libre","74.50","1866"
"2431","0","Libre","74.50","1934"
"2432","65453","Bote 48 Esferas 8CM TS-80DESEO-48RJD","365.00","297"
"2434","0","Libre","69.50","1915"
"2435","0","Libre","214.00","298"
"2437","0","Libre","173.00","286"
"2440","53601","Inflable 3.6M Santa C/Costal WS301333S","1295.00","1405"
"2444","51805","Inflable 1.8M Muneco en Bota WS301334M","599.00","1411"
"2447","0","Libre","81.66","289"
"2448","0","Libre","81.66","274"
"2449","0","Libre","81.66","275"
"2450","0","Libre","81.66","278"
"2451","0","Libre","81.66","277"
"2452","0","Libre","81.66","276"
"2453","0","Libre","94.30","473"
"2454","51281","Inflable 1.20M Ovni con Santa y Regalos ML9147","499.00","627"
"2455","51563","Inflable 1.50M Esfera con Trineo JL96124","820.00","623"
"2456","1000","Producto De Ajuste","40672.00","487"
"2457","0","Libre","137.00","474"
"2466","0","Libre","147.00","678"
"2467","0","Libre","147.00","677"
"2468","0","Libre","172.40","571"
"2469","0","Libre","172.40","572"
"2470","0","Libre","172.40","422"
"2473","65267","Bote 40 Esferas 8CM Roja 80DLCG-40RJ","288.00","2214"
"2477","0","Libre","147.00","680"
"2478","40151","Arbol 1.20M Verde Tradicional ZG120Z","163.62","315"
"2479","40152","Arbol 1.20M Blanco Tradicional ZG120ZB","166.51","300"
"2480","40251","Arbol 1.50M Verde Rama Combinada ZG150HZ","336.60","304"
"2481","40252","Arbol 1.50M Blanco Tradicional ZG150ZB","322.20","301"
"2485","40358","Arbol 1.80M Verde Rama Combinada ZG180HZ","484.20","305"
"2486","40359","Arbol 1.80M Blanco Tradicional ZG180ZB","448.20","302"
"2493","0","Libre","47.00","1150"
"2495","40455","Arbol 2.10M Verde Rama Combinada ZG210HZ","637.20","306"
"2497","40458","Arbol 2.10M Blanco Tradicional ZG210ZB","608.40","303"
"2502","40901","Arbol 1.80M  Fibra Optica Bicolor JL002-18","1580.00","3419"
"2503","0","Libre","30.00","887"
"2507","52428","Inflable 2.40M Oso Polar con Pinguinos JL96084","730.00","181"
"2511","51518","Inflable 1.50M Trineo Santa y Renos JL96045","850.00","1017"
"2515","50007","Inflable Oso con Pinguino Sube Baja JL96074","790.00","667"
"2516","59253","Inflable 1.50M Fantasma Colgante WS-5010-F ","374.57","2812"
"2518","54006","Inflable 4M Muñeco de Nieve Gigante JL96141","1340.00","624"
"2521","51272","Inflable 1.20M Oso Felpa Cafe JL96170","550.00","370"
"2522","52477","Inflable 2.40M Oso Felpa Cafe JL96159","1050.00","369"
"2523","51254","Inflable 1.20M Pinguino que Tiembla JL96164","460.00","182"
"2524","52470","Inflable 2.40M Santa Claus con Esfera JL96151","1180.00","368"
"2525","51263","Inflable 1.20M Bota Muñeco de Nieve JL96166","470.00","183"
"2526","1","Error","360.00","184"
"2527","52491","Inflable 2.40M Santa Tipo Felpa ML9166","845.00","378"
"2528","52484","Inflable 2.40M Nacimiento ML9164","1062.00","373"
"2536","0","Libre","147.00","681"
"2537","0","Libre","60.00","874"
"2538","0","Libre","90.00","879"
"2539","0","Libre","30.00","894"
"2540","0","Libre","40.00","898"
"2543","0","Libre","40.00","914"
"2544","0","Libre","40.00","915"
"2545","0","Libre","60.00","901"
"2546","0","Libre","40.00","902"
"2547","0","Libre","40.00","910"
"2548","17851","Estrella con Feston LED Color","30.00","907"
"2549","0","Libre","30.00","908"
"2550","0","Libre","0.00","365"
"2551","0","Libre","179.00","253"
"2554","0","Libre","0.00","254"
"2555","0","Libre","179.00","255"
"2557","0","Libre","0.00","399"
"2558","52121","Inflable 2.1M Trineo de Santa WS301324T ","1125.00","1406"
"2561","0","Libre","189.00","256"
"2562","0","Libre","189.00","257"
"2563","0","Libre","189.00","258"
"2565","0","Libre","0.00","259"
"2566","0","Libre","0.00","260"
"2567","52405","Inflable 2.4M Santa Saludando WS20125S","728.00","1412"
"2570","33348","Dulcera Duende Verde con Rojo/Verde 45X20CM","65.00","400"
"2571","33349","Dulcera Duendecita Rojo/Verde 45X20CM","65.00","401"
"2572","33340","Dulcera Santa Claus Roj/Bco 45x24CM","65.00","261"
"2573","14561","Cascada V9 LED 500 Luces Blanca c/Negro 7.4M","218.00","1221"
"2574","5304","Cubrebocas Triple Capa (Para Clientes)","0.80","2975"
"2575","33130","Colgante para Puerta Santa Claus Oro/Beige 32X17CM","44.00","165"
"2576","33131","Colgante para Puerta Muñeco de Nieve Oro/Beige 32X17CM","44.00","994"
"2577","33136","Colgante para Puerta Muñeco de Nieve Roj/Vde 32X17CM","44.00","996"
"2578","29439","Metro de Liston Azul y Plata P5806109","1.53","948"
"2579","40001","Base Giratoria 202062","835.50","949"
"2581","0","Libre","22.00","966"
"2582","51803","Inflable 1.8M Muneco de Nieve WS301335M","555.00","262"
"2583","53005","Inflable 3M Muneco de Nieve WS201260M","1250.00","1998"
"2586","59904","Nacimiento Animado Chico Oro","225.00","601"
"2587","59906","Nacimiento Animado Chico Rojo","225.00","604"
"2588","52412","Inflable 2.4M Resbaladilla  WS301354","1277.00","1418"
"2589","0","Libre","190.00","391"
"2590","52408","Inflable 2.40M Oso Polar C/Pinguino WS30138","999.00","1416"
"2595","59916","Nacimiento Grande Oro","550.00","189"
"2596","59917","Nacimiento Grande Rojo","510.00","190"
"2597","59931","Portal Casita","150.00","1387"
"2599","59801"," Oso Navideño de Plastico con Luz 69CM","355.00","130"
"2600","52410","Inflable 2.4M Santa Claus WS301339 WS 201254","975.00","1417"
"2601","0","Libre","230.00","132"
"2602","64727","Bote 20 Esferas 8CM Roja B8R-20pz","94.00","1050"
"2603","0","Libre","50.00","1055"
"2604","0","Libre","35.00","1827"
"2605","10994","Serie Destellos V3 LED 500 Luces Calida c/Negro 9.5M","149.00","1123"
"2606","14342","Cascada Destellos V3 LED 240 Luces Calida c/Verde 3.5M","124.00","1115"
"2609","0","Libre","218.00","1222"
"2610","5608","Controlador","6.00","973"
"2611","0","Libre","310.50","1107"
"2612","33281","Muñeco de Nieve Parado Roj/Vde 47X25CM","125.00","978"
"2613","33280","Santa Claus Parado Roj/Vde 47X25CM","125.00","977"
"2614","33100","Santa Claus Pies de Bolitas Rojo/Verde 35X12CM","32.00","998"
"2615","33101","Muñeco de Nieve Pies de Bolitas Rojo/Verde 35X12CM","32.00","999"
"2616","33102","Reno Pies de Bolitas Rojo/Verde 35X12CM Aprox","35.00","997"
"2618","0","Libre","310.50","1355"
"2619","31288","Pieza Muñeco Peluche Oro/Beige","21.25","145"
"2620","31293","Pieza Muñeco Peluche Plata/Bco","21.25","968"
"2621","31298","Pieza Muñeco Peluche Rojo/Verde","20.75","323"
"2622","31315","Caja 12 Muñecos de Navidad de Peluche Oro/Beige 17X28CM","233.00","3204"
"2623","31320","Caja 12 Muñecos de Navidad de Peluche Plata/Blanco 17X28CM","233.00","3205"
"2624","31325","Caja 12 Muñecos de Navidad de Peluche Rj/Vde 17X28CM","228.00","3203"
"2626","0","Libre","70.00","348"
"2627","0","Libre","70.00","349"
"2628","30803","Tapete de Navidad Plastico Turquesa 2014","70.00","350"
"2631","29881","Limpiapipas Azul","0.23","482"
"2633","29887","Limpiapipas Morado","0.23","355"
"2635","17511","Cortina LED 400 Luces Blanca C/Transp 3X1.5M","198.55","1109"
"2636","29890","Limpiapipas Oro","0.26","353"
"2637","29892","Limpiapipas Plata","0.23","352"
"2638","29893","Limpiapipas Rojo","0.26","354"
"2639","17963","Minimulticontacto","8.50","192"
"2640","17951","Extension 3M","19.59","224"
"2641","17952","Extension 5M","25.63","225"
"2642","51810","Inflable 1.80M Santa en Bota WS301334S","599.00","1415"
"2643","17953","Extension 10M","43.52","226"
"2644","17962","Multicontacto","80.00","227"
"2646","69998","Gancho para Esfera","3.38","356"
"2647","29901","Bolsa Limpiapipas Azul 100 Pz","24.02","3167"
"2651","29910","Bolsa Limpiapipas Oro 100 Pz","24.01","3163"
"2652","29912","Bolsa Limpiapipas Plata 100 Pz","24.01","3164"
"2653","29913","Bolsa Limpiapipas Rojo 100 Pz","24.01","3089"
"2655","0","Libre","50.00","1052"
"2656","0","Libre","120.00","237"
"2663","0","Libre","36.20","367"
"2664","10073","Serie LED 100 Luces Bco/Az C/Transparente 6M","0.00","146"
"2665","10091","Serie Musical LED 140 Luces Blanca C/Transparente 7.6M","68.00","715"
"2666","10096","Serie Musical LED 140 Luces Color c/Verde 6.2M","68.00","390"
"2668","10125","Serie LED 140 Luces Color C/Transparente 7M","68.00","1370"
"2671","10253","Serie LED 500 Luces Bco/Azul C/Transparente 25M","174.40","1100"
"2675","14048","Cascada LED 300 Luces Az/Bco C/Transparente 6M","106.00","1199"
"2677","14381","Cascada Destellos V3 LED 480 Luces Blanca 6.5M","226.00","174"
"2678","14161","Cascada LED 1000 Luces Blanca C/Transparente 20M","410.00","409"
"2679","14163","Cascada LED 1000 Luces Color C/Transparente 20M","410.00","410"
"2680","14201","Cascada Minicanica V8 LED 300 Luces Blanco C/Blanco 6M","133.00","644"
"2681","14203","Cascada Minicanica V8 LED 300 Luces Color C/Blanco 6M","133.00","645"
"2683","0","Libre","156.00","665"
"2684","0","Libre","156.00","207"
"2686","0","Libre","27.00","1813"
"2687","0","Libre","30.00","912"
"2698","64604","Bote 20 Esferas 8CM Azul y Plata B8A+P-20pz","94.00","1060"
"2699","0","Libre","75.00","1057"
"2700","0","Libre","75.00","1044"
"2701","14082","Cascada LED 500 Luces Calida C/Transparente 10M","164.00","762"
"2702","64733","Bote 20 Esferas 8CM Roja y Oro B8R+O-20pz","94.00","1045"
"2703","0","Libre","50.00","1697"
"2704","0","Libre","185.00","1367"
"2707","41204","Arbol con Flores con Luz LED Blanca 26X42CM","162.00","147"
"2708","17662","Luminario Solar de Huellitas","50.00","416"
"2709","0","Libre","75.00","1691"
"2710","10962","Serie Destellos V3 LED 300 Luces Blanca c/Negro 5.9M","99.00","148"
"2711","10966","Serie Destellos V3 LED 300 Luces Color c/Negro 5.9M","99.00","149"
"2717","27090","Helecho Mediano Oro M21124","9.50","556"
"2721","0","Libre","30.00","481"
"2731","0","Libre","11.40","1288"
"2737","17701","Serie Foco Largo LED 300 Luces Blanca 14.4M","52.50","1802"
"2738","17702","Serie Foco Largo LED 300 Luces Calida 14.4M","52.50","1710"
"2740","0","Libre","70.00","709"
"2746","10583","Serie Minicanica V8 LED 300 Luces Bco/Az c/Verde 15M","113.00","1162"
"2749","10632","Serie Minicanica V8 LED 500 Luces Blanca c/Verde 25M","165.00","732"
"2750","10636","Serie Minicanica V8 LED 500 Luces Color c/Verde 25M","0.00","150"
"2751","16049","Manguera LED Blanca/Azul 10M ","100.00","1303"
"2758","16981","Metro de Manguera LED Blanca","13.62","151"
"2759","16983","Metro de Manguera LED Color","10.88","402"
"2760","16990","Metro de Manguera LED Bco/Az","10.88","153"
"2765","16521","Manguera Plana LED Blanca 10M","161.99","1145"
"2766","16523","Manguera Plana LED 10M Color","158.00","1146"
"2767","17081","Metro de Tira LED Blanca Sencilla","18.90","247"
"2768","17082","Metro de Tira LED Calida","20.48","441"
"2769","17113","Metro de Tira LED Color","21.98","248"
"2780","25062","Nochebuena Blanca DL63301","16.15","551"
"2781","0","Libre","81.66","271"
"2789","0","Libre","194.00","2633"
"2790","0","Libre","194.00","2632"
"2791","64187","Bote 35 Esferas 7CM Roja 37417","194.00","2631"
"2792","0","Libre","194.00","2636"
"2793","0","Libre","147.00","679"
"2795","65177","Bote 40 Esferas 8CM 80DLCG-40CCC","312.00","2211"
"2796","65273","Bote 40 Esferas 8CM Roja y Oro 80DLCG-40RJD","288.00","2215"
"2806","0","Libre","173.00","290"
"2809","0","Libre","78.00","299"
"2810","40256","Arbol 1.50M Verde ZG150A","430.20","3242"
"2811","40356","Arbol 1.80M Verde Cepillo ZG180HD/HSHD","628.21","587"
"2813","40362","Arbol 1.80M Verde Desmontable ZG180A","608.40","307"
"2814","40459","Arbol 2.10M Verde Cepillo ZG210HD/HSHD","943.19","588"
"2815","40462","Arbol 2.10M Verde Desmontable ZG210A","720.00","308"
"2818","0","Libre","70.00","885"
"2822","1","ERROR ESTACIONALIDA X2","840.00","186"
"2824","51856","Inflable Farol Esfera C/Santa 1.80M JL96117","990.00","716"
"2833","0","Libre","179.00","364"
"2837","30022","Pie de Arbol Estampado Arboles Navidad Verde 1M","78.00","154"
"2838","30020","Pie de Arbol Estampado Regalo Nochebuenas Bco/Roj 1M","86.00","155"
"2840","30021","Pie de Arbol Estampado Corona Moño Vde/Roj 1M","72.00","156"
"2842","52111","Inflable 2.10M Oso con Regalo Felpa ML9178","888.00","1322"
"2843","33135","Colgante para Puerta Santa Claus Roj/Vde32X17CM","44.00","166"
"2844","0","Libre","385.00","1223"
"2847","17512","Cortina LED 400 Luces Calida C/Transp 3X1.5M","198.55","1110"
"2848","10992","Serie Destellos V3 LED 500 Luces Blanca c/Negro 9.5M","149.00","1121"
"2850","60001","Caja 24 esferas 3CM Azul Marino Brillante ","22.00","1803"
"2854","16982","Metro de Manguera LED Calida","10.88","666"
"2855","0","Libre","185.00","684"
"2856","0","Libre","185.00","685"
"2857","0","Libre","185.00","686"
"2858","32100","Santa Claus Espiral Rojo/Blanco 25X8CM","20.50","209"
"2859","32101","Muñeco de Nieve Espiral Rojo/Blanco 25X8CM","20.50","210"
"2860","32102","Reno Espiral Rojo/Cafe 25X8CM","20.50","211"
"2861","10996","Serie Destellos V3 LED 500 Luces Color c/Negro 9.5M","149.00","1122"
"2862","52454","Inflable 2.4M Muneco de Nieve WS301314M","688.00","1408"
"2865","64637","Bote 20 Esferas 8CM Chocolate y Oro B8CH-O-20pz","94.00","1058"
"2866","30401","Reloj Figuras Navideñas Rojo 57X27CM","143.00","212"
"2867","1","ERROR ESTACIONALIDAD X2","126.00","213"
"2868","0","Libre","126.00","214"
"2869","0","Libre","103.00","318"
"2871","63479","Bote 40 Esferas 6CM B6R+W-40pz","95.95","1692"
"2872","33000","Bota Terciopelo Santa Claus Roja/Blanca 43X28CM","70.00","215"
"2873","33001","Bota Terciopelo Muñeco de Nieve Roja/Blanca 43X28CM","70.00","216"
"2874","0","Libre","59.00","217"
"2875","52475","Inflable 2.4M Santa Claus WS201254","966.00","1403"
"2876","51804","Inflable 1.8M Muneco de Nieve WS301335","555.00","1404"
"2879","17683","Destellador Laser Puntos con Sensor Musical Ml4000A","100.00","1574"
"2882","59802","Farol de Plastico con Luz 1.15M","387.00","133"
"2883","30605","Cojin Lentejuela Rojo Copos de Nieve 38X38CM","112.00","984"
"2884","30601","Cojin Lentejuela Oro Feliz Navidad 38X38CM","112.00","983"
"2885","30603","Cojin Lentejuela Oro Pino 38X38CM","112.00","982"
"2886","30602","Cojin Lentejuela Oro Copos de Nieve 38X38CM","112.00","981"
"2887","0","Libre","310.50","1108"
"2888","10964","Serie Destellos V3 LED 300 Luces Calida c/Negro 5.2M","99.00","1070"
"2889","10973","Serie Destellos V3 LED 300 Luces Bco/Az c/Negro5.2M","98.70","1072"
"2890","10457","Serie Minicanica V8 LED 100 Luces Bicolor c/Negro 6.5M ","52.00","1083"
"2891","10577","Serie Minicanica V8 LED 300 Luces Bicolor c/Verde 15M ","122.00","1106"
"2892","10363","Serie LED 1000 Luces Calida c/Transparente 50M","267.00","1064"
"2893","10365","Serie LED 1000 Luces Color c/Transparente 50M","279.40","1094"
"2894","11232","Serie Diamante LED 100 Luces Blanca c/Negro6.2M","43.00","1086"
"2895","11234","Serie Diamante LED 100 Luces Calida c/Negro6.2M","43.00","1087"
"2896","11237","Serie Diamante LED 100 Luces Bicolor c/Negro 5M","51.00","1354"
"2897","11352","Serie Diamante LED 300 Luces Blanca c/Negro 14.7M","112.00","1067"
"2898","31000","Botita Santa Claus Roja 25X13CM","21.00","322"
"2899","31006","Botita Muñeco de Nieve Verde 25X13CM","21.00","320"
"2901","31010","Botita Copos de Nieve y Santa Claus Roja 25X13CM","23.80","319"
"2902","31016","Botita Copos de Nieve y Muñeco de Nieve Verde 25X13CM","23.80","321"
"2904","40353","Arbol 1.8M Verde Lux Hz 180","561.90","1468"
"2910","17971","Temporizador","44.50","249"
"2911","20051","Malla Corta Azul Marino CSM02","43.50","4"
"2912","20056","Malla Corta Beige CSM04","43.50","5"
"2913","20061","Malla Corta Blanca con Plata CSM17","43.50","6"
"2914","20071","Malla Corta Morada CSM07","43.50","7"
"2915","20075","Malla Corta Oro CSM37","43.50","8"
"2916","20081","Malla Corta Roja CSM13","43.50","9"
"2924","29466","Rollo 50M Liston Oro H844104","213.75","3105"
"2929","53001","Inflable 3M Trineo WS201257","1263.00","1409"
"2932","0","Libre","50.00","1841"
"2933","14021","Cascada LED 200 Luces Blanca C/Transparente 4M","75.00","1313"
"2934","25070","Nochebuena Oro DL63301","16.15","552"
"2935","25073","Nochebuena Roja DL63301","15.00","553"
"2936","28050","Nochebuena Oro DL64014","14.00","558"
"2937","28053","Nochebuena Roja  DL64014","13.30","750"
"2938","27342","Vara C/Acrilico Blanca SEM4423W","18.00","1587"
"2943","16084","Manguera Jl5063  LED Bicolor 10M","120.00","1301"
"2944","49856","Metro de Guirnalda Doble Verde","11.99","311"
"2945","49966","Rollo 20M Feston Boa Nevado","53.06","3410"
"2946","0","Libre","35.00","1169"
"2947","0","Libre","10.88","2436"
"2949","52421","Inflable 2.40M Muñeco de Nieve que Tiembla JL96077","730.00","187"
"2951","52498","Arco Navideño Santa Y Duendes 2.4 M Ml9167","890.00","372"
"2952","27092","Helecho Mediano Plata M21124","9.50","555"
"2954","0","Libre","40.00","890"
"2955","0","Libre","40.00","916"
"2956","0","Libre","40.00","917"
"2957","0","Libre","30.00","909"
"2958","29022","Berry Blanco F66602","16.00","935"
"2959","29033","Berry Rojo F66602","16.00","936"
"2960","0","Libre","30.00","881"
"2961","27102","Hoja Chica Blanca R21240","9.50","937"
"2962","27110","Hoja Chica Oro R21240","9.50","938"
"2963","27113","Hoja Chica Roja R21240","9.50","939"
"2964","0","Libre","12.70","940"
"2965","27282","Vara Blanca DL05081","34.00","941"
"2966","0","Libre","34.00","942"
"2967","27293","Vara Roja DL05081","34.00","943"
"2968","0","Libre","40.00","911"
"2969","0","Libre","30.00","891"
"2970","10190","Serie LED 300 Luces Naranja c/Naranja 15M","109.00","920"
"2971","41251","Árbol Con Perlas LED Blanca 1.2M ","190.00","906"
"2972","0","Libre","300.00","905"
"2973","0","Libre","45.00","888"
"2974","10575","Serie Minicanica V8 LED 300 Luces Color C/Transparente","15.00","919"
"2976","0","Libre","101.00","921"
"2977","0","Libre","147.00","924"
"2979","17681","Destellador Laser Figuras Navideñas P02","121.00","208"
"2980","59908","Nacimiento Animado Chico Color","225.00","191"
"2982","0","Libre","94.30","1696"
"2983","0","Libre","147.00","1031"
"2985","64379","Bote 40 Esferas 7CM Roja y Blanca B7R+W-40pz","147.00","928"
"3000","9004","Control P/manguera De Movimiento 3 Pines","27.00","622"
"3001","9051","Control P/ Tira Led Blanca","29.83","593"
"3002","9052","Control P/ Tira Led Color","27.00","592"
"3004","63827","Bote 20 Esferas 7CM Roja B7R-20pz","75.00","1049"
"3010","0","Libre","94.00","1047"
"3013","0","Libre","75.00","1059"
"3014","0","Libre","50.00","1048"
"3030","9006","Cople Para Manguera 2 Pines","2.00","2867"
"3031","63065","Bote 30 Esferas 6CM TS-606-30D","107.00","241"
"3032","30407","Reloj Figuras Navideñas Lentejuela Rojo 57X27CM","143.00","972"
"3036","0","Libre","62.00","242"
"3037","0","Libre","120.00","238"
"3038","14087","Cascada LED 500 Luces Rosa C/Rosa 10M","182.80","595"
"3039","0","Libre","150.00","239"
"3041","0","Libre","185.00","931"
"3042","29436","Metro de Liston Oro H844104","4.49","945"
"3043","29437","Metro de Liston Rojo H844106","4.50","946"
"3044","29438","Metro de Liston Champagne F577103","4.20","947"
"3046","17857","Pico de Metal Mediano LED 100 Luces Oro","202.00","2389"
"3050","0","Libre","75.00","1053"
"3052","49967","Rollo 20M Feston Boa Verde","53.01","3247"
"3055","14085","Cascada LED 500 Luces Azul C/Azul 10M","182.80","1149"
"3056","16529","Manguera Plana LED Blanca/Azul 10M","163.99","1147"
"3062","0","Libre","37.66","269"
"3063","0","Libre","37.66","270"
"3067","0","Libre","81.66","272"
"3078","0","Libre","94.00","1051"
"3079","0","Libre","75.00","1056"
"3084","63064","Bote 30 Esferas 6CM TS-60LDD-30D","116.00","2202"
"3092","11354","Serie Diamante LED 300 Luces Calida c/Negro 14.7M","106.00","1068"
"3093","11356","Serie Diamante LED 300 Luces Color c/Verde  14.7M","106.00","1088"
"3095","14023","Cascada LED 200 Luces Color C/Transparente 4M","75.00","1314"
"3096","14088","Cascada LED 500 Luces Az/Bco C/Transparente 10.5M","170.00","1315"
"3097","14162","Cascada LED 1000 Luces Calida C/Transparente 20 M","410.00","1209"
"3098","14341","Cascada Destellos V3 LED 240 Luces Blanca c/Verde 3.5M","124.00","1113"
"3099","14343","Cascada Destellos V3 LED 240 Luces Color 3.5M","124.00","1114"
"3100","14383","Cascada Destellos V3 LED 480 Luces Color 6.5M","226.00","1116"
"3101","14382","Cascada Destellos V3 LED 480 Luces Calida c/Verde 6.5M","226.00","1117"
"3102","17531","Cortina LED 800 Luces Blanca Flash C/Transp 3X3M","337.99","1307"
"3103","0","Libre","140.00","1148"
"3104","0","Libre","99.00","1378"
"3107","10093","Serie Musical LED 140 Luces Calida C/Transparente 7.6M","68.00","3124"
"3109","52464","Inflable 2.40M Muñeco Terciopelo Blanco JL96171","940.00","1028"
"3110","51273","Inflable 1.20M Oso Felpa Blanco JL96185","610.00","1029"
"3112","0","Libre","50.00","1043"
"3115","52492","Inflable 2.40M Oso Navideño Felpa ML9177","888.00","1125"
"3123","0","Libre","21.38","753"
"3154","0","Libre","530.00","1015"
"3155","59913","Nacimiento Vino Tradicional","500.00","1016"
"3175","17723","Serie de Flor con Espinas 20 Luces Color LED 2.10M","40.00","800"
"3177","0","Libre","46.50","801"
"3179","0","Libre","56.90","244"
"3180","28110","Nochebuena Oro N06689","18.50","1584"
"3183","40453","Arbol 2.1M Verde Lux Hz 210","651.81","1469"
"3188","27133","Palma Chica Roja M10011","15.68","866"
"3189","0","Libre","147.00","1032"
"3191","0","Libre","145.00","970"
"3202","0","Libre","74.50","1912"
"3204","17713","Serie de Flor Ciruelo LED 36 Luces Tricolor 3.1M","40.33","414"
"3205","0","Libre","46.50","802"
"3207","0","Libre","37.95","413"
"3210","0","Libre","150.00","219"
"3211","0","Libre","150.00","220"
"3221","41205","Arbol con Flores LED Calida 26X42CM","162.00","1350"
"3224","0","Libre","28.00","10"
"3225","22030","Pick Nochebuena Chica Oro S05090","7.30","126"
"3226","22033","Nochebuena Chica Roja S05090","7.30","127"
"3228","0","Libre","9.50","340"
"3229","22050","Nochebuena Oro M05159","9.50","338"
"3230","22052","Nochebuena Plata M05159","9.50","1972"
"3231","22053","Nochebuena Roja M05159","12.50","339"
"3232","29001","Berries Nevados S36088","57.95","324"
"3233","25223","Vara Nochebuena X3 Champange M01587","24.00","2220"
"3234","10433","Serie Minicanica V8 LED 50 Luces Bco/Az c/Negro 3.3M","20.25","804"
"3237","0","Libre","9.70","128"
"3238","27082","Helecho Mediano Blanco M21124","9.50","862"
"3241","27096","Helecho Mediano Verde M21124","9.03","863"
"3243","24130","Vara Tipo Coral Oro  S66845","16.50","2251"
"3245","0","Libre","35.00","1170"
"3249","27072","Helecho Plata R21271","9.22","129"
"3254","28042","Nochebuena Blanca DL64014","13.30","557"
"3255","31101","Mini Muñeco de Nieve Rojo/Blanco 15X9CM ","13.50","222"
"3256","31100","Mini Santa Claus Rojo/Blanco 15X9CM","13.50","435"
"3257","31102","Mini Reno Rojo/Café 15X9CM","13.50","436"
"3265","54009","Inflable 4M Santa Claus Gigante JL96300","2350.00","2735"
"3266","54003","Inflable Muñeco c/Dos Esferas 4M JL96301","2250.00","2736"
"3268","52456","Inflable 2.40M Muñeco de Nieve con Esfera JL96145","1000.00","188"
"3269","10546","Serie Minicanica V8 LED 200 Luces Color c/Verde 10M","71.00","2898"
"3270","10455","Serie Minicanica V8 LED 100 Luces Color C/Transparente 6.5M","45.00","1192"
"3271","10634","Serie Minicanica V8 LED 500 Luces Calida c/Verde 25M","0.00","783"
"3272","14248","Cascada Minicanica V8 LED 500 Luces Az/Bco c/Blanco 10M","221.99","646"
"3273","14241","Cascada Minicanica V8 LED 500 Luces Blanco C/Blanco 10M","226.00","408"
"3274","14243","Cascada Minicanica V8 LED 500 Luces Color c/Blanco 10M","226.00","407"
"3275","17632","Punta de Arbol LED 10 Luces Blanca Mediana","36.50","371"
"3276","0","Libre","36.50","240"
"3279","0","Libre","8.55","345"
"3280","0","Libre","173.00","268"
"3281","0","Libre","173.00","265"
"3282","0","Libre","173.00","266"
"3286","5153","Celular","30.00","1167"
"3293","40454","Arbol 2.10M Nevado con Piñas SP701-210","2670.00","1382"
"3294","9101","Motor Para Inflable Chico","0.01","381"
"3295","9102","Motor Para Inflable Mediano","0.01","382"
"3297","9105","Eliminador Para Inflable","110.00","379"
"3298","5402","Cable Para Inflable","0.01","380"
"3303","51064","Inflable 60cm Esfera Muñeco Y Pino Mov Ml9053","350.00","375"
"3304","51065","Inflable 60CM Esfera Reno y Pino Mov ML9054","350.00","374"
"3349","10361","Serie LED 1000 Luces Blanca c/Transparente 50M","260.00","1063"
"3353","0","Libre","27.00","1814"
"3354","0","Libre","74.50","1859"
"3355","0","Libre","77.00","1864"
"3356","0","Libre","74.50","1862"
"3357","0","Libre","27.00","1815"
"3358","0","Libre","74.50","1861"
"3359","0","Libre","27.00","1816"
"3360","60449","Caja 12 Esferas 8CM Plata Mate","74.50","1921"
"3361","0","Libre","33.00","1829"
"3362","0","Libre","74.50","1922"
"3363","0","Libre","74.50","1923"
"3364","0","Libre","35.00","1830"
"3365","0","Libre","74.50","1924"
"3366","60476","Caja 12 Esferas 8CM Jade Brillante ","74.50","1867"
"3367","0","Libre","50.00","1856"
"3368","0","Libre","32.00","1832"
"3369","0","Libre","74.50","1925"
"3370","0","Libre","35.00","1837"
"3371","0","Libre","74.54","1868"
"3372","0","Libre","32.00","1838"
"3373","0","Libre","32.00","1839"
"3374","0","Libre","35.00","1840"
"3375","0","Libre","77.00","1869"
"3376","0","Libre","47.00","1842"
"3377","0","Libre","47.00","1844"
"3378","0","Libre","47.00","1845"
"3380","0","Libre","24.00","1847"
"3381","0","Libre","50.00","1848"
"3382","0","Libre","50.00","1849"
"3383","0","Libre","74.50","1929"
"3384","0","Libre","47.00","1850"
"3385","0","Libre","50.00","1851"
"3386","0","Libre","50.00","1852"
"3387","0","Libre","50.00","1854"
"3388","0","Libre","74.50","1936"
"3389","0","Libre","74.50","1917"
"3390","40404","Arbol 1.90 Verde Royal Canada  ","813.11","1610"
"3391","22022","Nochebuena Chica Blanca S05090","6.94","1679"
"3392","0","Libre","101.00","1695"
"3393","0","Libre","37.00","1825"
"3394","12582","Serie Ciempies LED 500 Luces Blanca c/Negro 9M","84.00","1707"
"3395","12586","Serie Ciempies LED 500 L Color c/Negro 9M","84.00","1708"
"3396","11248","Serie Diamante LED 100 Luces Blanca/Rosa c/Negro 6M","21.00","1726"
"3397","17706","Serie Gran Fibra LED 500 Luces Blanca 35M","105.00","1740"
"3398","41003","Arbol 2.10M Fibra Optica Tricolor JLA007-21","1630.00","1713"
"3401","11353","Serie Diamante LED 300 Luces Calida C/Transparente 14.7M","115.00","1714"
"3402","0","Libre","115.00","1715"
"3403","12132","Serie 9V Esmerilado LED 300 Luces Blanca c/Negro 15M","86.80","1718"
"3404","0","Libre","243.60","1719"
"3405","0","Libre","243.60","1720"
"3406","0","Libre","73.50","1721"
"3407","14661","Cascada Gran Fibra LED 200 Luces Blanca c/Negro 4M","56.00","1722"
"3408","14681","Cascada Gran Fibra LED 300 Luces Blanca c/Negro 4.5M","84.00","1723"
"3409","14722","Cascada Gran Fibra LED 500 Luces Calida c/Negro 6.9M","133.00","1724"
"3410","17703","Serie Foco Largo LED 300 Luces Azul 14.4M","52.50","1727"
"3411","17704","Serie Foco Largo LED 300 Luces Bla/Az 14.4M","52.50","1728"
"3412","12584","Serie Ciempies LED 500 Luces Calida c/Verde","84.00","1776"
"3413","12581","Serie Ciempies LED 500 Luces Blanca C/Transparente","84.00","1778"
"3414","12583","Serie Ciempies LED 500 Luces Calida c/Transparente","84.00","1779"
"3416","0","Libre","94.50","1780"
"3417","17705","Serie Gran Fibra LED 300 Luces Blanca 21M","56.00","1739"
"3418","12134","Serie 9v Esmerilado LED 300 Luces Calida c/Negro 15M","86.80","1735"
"3419","0","Libre","243.60","1736"
"3424","0","Libre","74.50","1860"
"3426","33253","Oso Navideño Peluche Varios","65.00","1768"
"3427","0","Libre","53.00","1767"
"3428","10588","Serie Minicanica V8 LED 300 Luces Bco/Az C/Transparent 16.4M","127.00","1753"
"3429","40451","Arbol 2.10M Verde ZG210Z","528.30","1763"
"3430","27070","Helecho Oro R21271","9.22","1757"
"3432","40354","Arbol 1.80M ZG180Z VERDE","390.60","3250"
"3433","0","Libre","105.00","1783"
"3435","40259","Arbol 1.50M Verde ZG150Z","282.60","1790"
"3436","0","Libre","35.00","1817"
"3437","0","Libre","35.00","1835"
"3438","0","Libre","50.00","1853"
"3440","12191","Serie 9V Esmerilado LED 500 Luces Blanco c/Trans 25M","161.00","1939"
"3441","40351","Arbol 1.80M Blanco ZG180AB","639.00","3471"
"3442","17663","Lampara Color 23 Cambios ","50.00","1944"
"3443","1","ERROR ESTACIONALIDAD X2","161.00","1951"
"3444","28075","Nochebuena c/Clip Rosa N06691","25.50","2167"
"3445","28072","Nochebuena c/Clip Plata N06691","28.00","2362"
"3446","17738","Serie Foco Azucar 20 Luces LED Blanca 3.7M","64.26","2382"
"3447","17739","Serie Foco Azucar 20 Luces LED Color 3.7M","64.26","2376"
"3448","17740","Serie Foco Azucar 20 Luces LED Oro 3.7M","64.26","2377"
"3449","17722","Serie de Esferas LED 20 Luces Azul 3.5M","42.84","2373"
"3450","17715","Serie de Esferas  LED 20 Luces Roja 3.5M","42.84","2374"
"3451","10431","Serie Minicanica V8 50 Luces Rojo c/Negro","22.00","2624"
"3452","0","Libre","77.52","2379"
"3453","17852","Estrella de Belen LED Roja","77.52","2380"
"3454","17717","Serie de Estrella Esponja LED Color 3.6M","61.20","2378"
"3455","17743","Liston Foco de Arroz Azul 5M","20.00","2317"
"3456","0","Libre","30.00","2318"
"3457","17721","Guia de Esferas LED Color 3M","40.00","2320"
"3458","0","Libre","60.00","2321"
"3459","17860","Figura de Sube/Baja Pitufos ","298.00","2375"
"3460","17858","Estrella De Metal Chica 60 L Oro","134.00","2408"
"3461","17859","Estrella De Metal Grande 80 L Oro","185.00","2390"
"3462","17719","Serie Canica LED 100 Luces Color 8.5M","90.25","2286"
"3463","23002","Mariposa Mediana Blanca A05286-W4763","13.00","2165"
"3464","28333","Nochebuena Terciopelo Rojo RK05928","36.00","2223"
"3465","27054","Rama Rosa W4852","16.00","2170"
"3466","27093","Helecho Mediano Rojo M21124","9.50","2154"
"3467","27103","Hoja Chica Chocolate R21240","9.50","2155"
"3468","24415","Estrellitas Turquesa M10009","14.00","2153"
"3469","24416","Estrellitas Verde  M10009","14.00","2253"
"3470","27310","Vara con Bolitas Oro A05142","47.75","2176"
"3471","27142","Vara de Estrellas Blanca F054851 ","14.50","2151"
"3472","27156","Vara de Estrellas Verde F054851 ","14.50","2152"
"3473","27170","Vara 18 Oro S66835","16.50","2248"
"3474","25210","Vara de Nochebuena X3 Oro M05136","20.50","2173"
"3475","25212","Vara de Nochebuena X3 Plata M05136","20.50","2174"
"3476","25213","Vara de Nochebuena X3 Rojo M05136","20.50","2175"
"3477","24302","Vara con Esferitas X6 Blanca M78007","10.00","2159"
"3478","24303","Vara con Esferitas X6 Chocolate  M78007","10.00","2160"
"3479","24310","Vara con Esferitas X6 Oro  M78007","10.00","2161"
"3480","24312","Vara con Esferitas X6 Plata M78007","10.00","2162"
"3481","24313","Vara con Esferitas X6 Rojo M78007","10.00","2163"
"3482","24316","Vara con Esferitas X6 Verde M78007","9.50","2164"
"3483","29010","Berry Rojo K63333","11.00","2221"
"3484","0","Libre","7.00","2150"
"3485","29061","Vara Grande C/Berries 705538 ","20.50","2233"
"3486","0","Libre","11.00","2225"
"3487","24332","Ramita de Granadas Plata R02858","9.90","2169"
"3488","27182","Hoja Tipo Palma Blanca B10015","18.80","2168"
"3489","24062","Hoja c/Pedreria Blanca A08316","7.70","2230"
"3490","27222","Hoja Blanca M21090","9.50","2232"
"3491","24042","Hoja Blanca M21113","9.20","2234"
"3492","27213","Hoja Roja M66032","10.00","2238"
"3493","27242","Hoja Dinero Blanca M63006","9.50","2236"
"3494","27250","Hoja Dinero Oro M63006","9.50","2247"
"3495","21010","Hoja Oro M05275","7.20","2237"
"3496","0","Libre","9.50","2242"
"3497","27210","Hoja Oro M66032","10.00","2244"
"3498","27370","Hoja Oro S05214","20.00","2246"
"3499","0","Libre","10.00","2252"
"3500","24172","Hoja Maple x3 Plata C05236","6.00","2245"
"3501","24173","Hoja Maple x3 Rojo C05236","6.00","2239"
"3502","27402","Hoja Maple x5 Blanca DL05072 ","15.00","2231"
"3503","27410","Hoja Maple x5 Oro DL05072 ","15.00","2241"
"3504","27422","Hoja Blanca M21076","16.00","2384"
"3505","27453","Hoja Tipo Coral Rojo M21047","9.50","2386"
"3506","23158","Mariposa c/Tiras Oro/Rojo A05103","13.63","2249"
"3507","23050","Pick de Flor X3 Oro M05262-1","10.00","2156"
"3508","23052","Pick de Flor X3 Plata M05262-1","10.00","2157"
"3509","23053","Pick de Flor X3 Roja M05262-1","10.00","2158"
"3510","26010","Pick de Bolitas Oro YV3148","13.70","2177"
"3511","26012","Pick de Bolitas Plata YV3148","13.70","2178"
"3512","26013","Pick de Bolitas Rojo YV3148","13.70","2179"
"3513","26016","Pick de Bolitas Verde YV3148","13.70","2180"
"3514","20153","Pick Figuras X3 Ro/Tur/Bco","22.50","2171"
"3515","23062","Pick de Aro Blanco C05482","5.00","2235"
"3516","25131","Pick 3 Nochebuenas Oro Rosado N05129","21.00","2254"
"3518","23090","Pick de Pino Oro M05233","10.31","2240"
"3519","23111","Pick Skimmia Oro Rosado N05104","19.50","2283"
"3520","28153","Pick nochebuena Rojo F89135","8.08","2219"
"3521","23130","Regalo con Tiras Oro A05102","13.63","2147"
"3522","23138","Regalo con Tiras Plata/Morado A05102","13.63","2149"
"3523","23139","Regalo con Tiras Rojo/Oro A05102","13.63","2148"
"3524","29431","Metro Liston Champagne H8436-38","5.63","2112"
"3525","29433","Metro Liston Oro F6176-04","4.46","2113"
"3526","29434","Metro Liston Rojo H843406","4.84","2115"
"3527","29440","Metro de liston Azul/Plata L7309711","3.98","2116"
"3528","29441","Metro de liston Cobre P8527220","3.28","2117"
"3542","59921","Nacimiento Barroco Oro","500.00","2190"
"3543","30023","Pie de Arbol Estamp Nochebuenas B/R/V 1M","86.00","2456"
"3544","30028","Pie De Arbol Estamp Santa rojo","86.00","2474"
"3545","30024","Pie De Arbol Estampado Muñecos y Reno Verde","86.00","2475"
"3546","33005","Bota Santa Verde/Blanco","70.00","2478"
"3547","33011","Bota Muñeco Roja/Blanco","70.00","2479"
"3548","33015","Bota Terciopelo Santa Oro/Beige","72.00","2702"
"3549","30211","Corona Santa Nomo Rojo","135.00","2703"
"3550","31340","Santa Chico Rojo a Cuadros ","7.00","2465"
"3551","31341","Muñeco Chico Rojo a Cuadros","7.00","2464"
"3552","31342","Reno Chico Rojo a Cuadros ","7.00","2466"
"3553","32160","Santa Mediano Rojo/Cafe","8.20","2462"
"3554","32161","Muñeco Mediano Rojo/Cafe","8.20","2463"
"3555","32162","Reno Mediano Rojo/Cafe","8.20","2461"
"3556","33223","Nomo Santa Oro/Beige","56.00","2469"
"3557","33228","Nomo Santa Rojo/Blanco","56.00","2470"
"3558","33313","Arlekin en Escalera Oro/Blanco","127.00","2711"
"3559","33318","Arlekin en Escalera Rojo/Oro","155.00","2460"
"3560","51282","Inflable 1.20M Muñeco con Regalos JL96205","540.00","2435"
"3561","51283","Inflable 1.20M Oso con Trineo y Muñecos  JL96097","620.00","2564"
"3562","51290","Inflable 1.30M Esfera Santa Feliz Nav JL96179","860.00","2356"
"3563","51811","Inflable 1.80M Santa Esfera y Oso  JL96173","1350.00","2567"
"3564","51829","Inflable 1.80M Esfera Santa Arriba JL96150","1100.00","2729"
"3566","61181","Bote 30 Esferas 4CM  TS-401-30AAA","50.00","2195"
"3567","61217","Bote 30 Esferas 4CM TS-401-30CCC","50.00","2196"
"3568","61262","Bote 30 Esferas 4CM TS-401-30D","50.00","2197"
"3569","61307","Bote 30 Esferas 4CM TS-401-30RJ","50.00","2198"
"3570","61310","Bote 30 Esferas 4CM TS-401-30RJD","50.00","2199"
"3571","0","Libre","114.00","2200"
"3572","63017","Bote 30 Esferas 6CM TS-60LDD-30CCC","116.00","2201"
"3573","63056","Bote 30 Esferas 6CM TS-60LDD-30MLP","116.00","2203"
"3574","63090","Bote 30 Esferas 6CM TS-60LDD-30P","116.00","2204"
"3575","63109","Bote 30 Esferas 6CM TS-60LDD-30RJ","116.00","2205"
"3576","63114","Bote 30 Esferas 6CM TS-60LDD-30RJD","116.00","2206"
"3577","0","Libre","169.00","2208"
"3578","63989","Bote 30 Esferas 7CM TS-702-30P","169.00","2209"
"3579","0","Libre","280.00","2210"
"3580","65222","Bote 40 Esferas 8CM TS-80DLCG-40D","288.00","2212"
"3581","0","Libre","312.00","2213"
"3582","49702","Corona verde 50CM","52.02","2111"
"3583","49731","Corona SSQ756-50 50CM ","185.25","2172"
"3584","59251","Inflable 1.50M Cripta c/Calav WS-30136","560.00","2181"
"3585","59301","Inflable 1.80M Dos Brujas WS-301317B","980.50","2183"
"3586","59501","Inflable 2.40M Catrina WS-201244","1450.00","2187"
"3587","59521","Inflable 2.40M Calavera WS-30137","950.00","2182"
"3588","59551","Inflable 2.40M Fantasma WS-301311-F","718.68","2184"
"3589","59571","Inflable 2.40M Momia WS-201259","937.00","2186"
"3590","59701","Inflable 3.30M Gato c/Mov Negro","1533.00","2185"
"3593","22031","Pick Nochebuena Oro Rosado N05090","11.00","2284"
"3594","59531","Inflable 2.40M Dragon C/Mov WS201220","1804.05","2811"
"3595","20156","Pick Figuras x3 Rojo/Verde","22.50","2257"
"3622","51828","Inflable 1.80M Esfera con Muñeco Arriba JL96083","930.00","2437"
"3623","29101","Buho Cafe L0817","88.27","2258"
"3624","49732","Corona SSQ103250 50CM","281.20","2332"
"3625","49733","Corona SQ102860 60CM","300.20","2333"
"3627","59922","Nacimiento Barroco Rojo","520.00","2577"
"3628","17126","Metro de Tira LED Blanca Doble Foco","33.82","2338"
"3630","59781","Inflable 6.30M Gato c/Mov WS2012-1","3006.00","2371"
"3632","10426","Serie Minicanica V8 LED 50 Luces Color 3.4M","30.00","2423"
"3633","31035","Par de Patines Rojos ","87.30","2807"
"3635","17604","Punta de Arbol 10 Luces Color Chica","42.00","2532"
"3696","11753","Serie V8 Conico LED 300 Luces Bco/Az c/Negro 15M","100.00","2620"
"3697","20033","Malla Roja SM-13","69.50","2583"
"3698","20076","Malla Corta Oro CSM-11","33.50","2585"
"3699","20066","Malla Corta Chocolate CSM12","33.50","2586"
"3700","20017","Malla Blanco Tornasol Sm03","69.50","2587"
"3701","20012","Malla Beige MFR-51","47.00","2588"
"3702","63063","Bote 30 Esferas 6CM B6O-30","86.00","2592"
"3703","63108","Bote 30 Esferas 6CM B6R-30","86.00","2594"
"3704","63089","Bote 30 Esferas 6CM B6P-30","86.00","2593"
"3705","62982","Bote 30 Esferas 6CM B6AD","99.00","2589"
"3706","63115","Bote 30 Esferas 6CM B6O/RD","99.00","2590"
"3707","0","Libre","99.00","2591"
"3708","11813","Serie V8 Conico LED 500 Luces Bco/Az c/Negro25M","185.00","2608"
"3709","32190","Santa con Cuerda CX15 Rojo/Blanco","137.00","2596"
"3710","32220","Santa c/Escalera Roja","196.00","2597"
"3711","32225","Santa c/Escalera Blanca","196.00","2598"
"3712","20018","Malla Blanca MFR50","47.00","2595"
"3713","10063","Serie LED 100 Luces Calida C/Transparente","34.00","2605"
"3714","10065","Serie LED 100 Luces Color c/Transparente","34.00","2606"
"3726","11622","Serie V8 Conico LED 100 Luces Blanca c/Negro 5M","36.00","2609"
"3729","11641","Serie V8 Conico Musical LED 100 Luces Bco/Az c/Negro 5M","45.00","2614"
"3731","11742","Serie V8 Conico LED 300 Luces Blanca c/Negro 15M","100.00","2618"
"3740","11744","Serie V8 Conico LED 300 Luces Calido c/Negro 15M","100.00","2619"
"3747","14181","Cascada Minicanica V8 LED 200 Luces Blanco C/Blanco 4M","95.00","2784"
"3755","11984","Serie LED 9V Esmerilado 50 Luces Calida c/Negro","24.00","2616"
"3757","12041","Serie Musical 9V Esmerilado 140 Luces Bca c/Transparente","60.00","2610"
"3758","12043","Serie Musical 9V Esmerilado 140 Luces Calido c/Transparente","60.00","2611"
"3759","12058","Serie Musical 9V Esmerilado 140 Luces Az c/Transparente","60.00","2612"
"3761","64199","Bote 35 Esferas 7CM Rojo/Bco 64199","194.00","2634"
"3766","10438","Serie Minicanica V8 LED 50 Luces Verde c/Verde","22.00","2625"
"3767","12102","Serie LED 9V Esmerilado 200 Luces Blanca c/Negro ","68.00","2617"
"3768","59252","Inflable 1.50M Fantasma Colgante WS5012F ","374.57","2628"
"3769","59302","Inflable 1.80M Trio de Calabaza WS5050C","851.52","2629"
"3770","59502","Inflable 2.40M Arbol c/Calabaza","980.00","2630"
"3771","0","Libre","194.00","2635"
"3772","0","Libre","76.00","2652"
"3773","51899","Inflable 1.8M Muñeco Esquiando W5001M","774.90","2641"
"3774","51595","Inflable 1.50m Santa C/Chamarra Roja","880.84","2642"
"3775","0","Libre","86.00","2697"
"3777","64739","Bote 20 Esferas 8CM B8R+W-20","94.00","2696"
"3778","59751","Inflable 4.50M Esqueleto WS201235","2546.00","2698"
"3779","17741","Serie Esfera c/Figura Adentro ","160.00","2723"
"3780","17605","Punta de Arbol 12 Luces Bicolor JL3334","36.00","2718"
"3781","17625","Punta de Arbol 18 Luces Bicolor JL3335","56.00","2719"
"3782","17644","Punta de Arbol 20 Luces Bicolor JL8001","65.00","2724"
"3783","0","Libre","38.00","2717"
"3784","17645","Punta de Arbol 30 Luces Calido JL8017","50.00","2726"
"3785","51247","Inflable 1.2M Muñeco C/Regalos Afelpado JL96206","760.00","2734"
"3786","10428","Serie Minicanica V8 LED 50 Luces Azul c/Negro","30.00","2721"
"3787","10578","Serie Minicanica V8 LED 300 Luces Azul c/Verde","10000.00","2722"
"3788","17626","Punta de Arbol 20 Luces Magica Blanca JL8002A","63.00","2725"
"3789","0","Libre","99.00","2744"
"3790","0","Libre","110.00","2699"
"3791","9005","Cople para Manguera 3 Pines ","3.00","3433"
"3792","17733","Serie de Araña LED 10 Luces Morado ","152.00","2738"
"3793","10070","Serie LED 100 Luces Naranja c/Naranja 5.5M","33.00","2739"
"3794","17630","Punta de Arbol 31 Luces Rojo JL8008","66.00","2792"
"3795","17627","Punta de Arbol 31 Luces Azul JL8008","66.00","2790"
"3796","17628","Punta de Arbol 31 Luces Az/Bco JL8008","66.00","2791"
"3797","0","Libre","66.00","2789"
"3798","17629","Punta de Arbol 31 Luces Calida JL8008","66.00","2793"
"3799","14183","Cascada Minicanica V8 LED 200 Luces Color C/Blanco 4M","95.00","2785"
"3801","63963","Bote 30 Esferas 7CM TS-70DLCG-30D","175.00","2797"
"3802","63990","BOTE 30 ESFERAS 7CM TS-70DLCG-30P","175.00","2798"
"3803","64008","Bote 30 esferas 7CM TS-70DLCG-30RJ","175.00","2799"
"3804","64014","Bote 30 Esferas 7CM TS-70DLCG-30RJD ","175.00","2800"
"3805","29116","Ardilla Sentada YS19667","101.85","2803"
"3806","31032","Par de Botitas Mini Roja ","56.26","2805"
"3807","31031","Par de Botitas Mini Blanca","56.26","2806"
"3808","9053","Control Tira Led Doble Foco Fijo","30.00","2849"
"3809","0","Libre","114.00","2850"
"3810","0","Libre","114.00","2851"
"3811","63113","Bote 30 Esferas 6CM TS-601-30RJD","114.00","2852"
"3813","17103","Metro Tira Led Roja ","24.80","2882"
"3814","17104","Metro Tira Led Verde","24.79","2883"
"3815","0","Libre","878.75","2869"
"3816","0","Libre","878.75","2870"
"3817","0","Libre","878.75","2871"
"3818","41551","Arbol 340 Luces LED 2.20M Blanco","1692.90","2872"
"3819","41552","Arbol 340 Luces LED 2.20M Calido","1692.90","2873"
"3820","14068","Cascada LED 400 Luces Az/Bco C/Azul 8M","137.99","2887"
"3825","10587","Serie Minicanica V8 LED 300 Luces Tricolor c/Verde 16.4M","113.00","2903"
"3827","40153","Arbol 1.20M Verde Esponjoso ZG120A","250.20","2927"
"3831","52499","Inflable 2.4M Santa c/Osos ML9180","1126.88","2944"
"3832","51885","Inflable 1.8M Santa c/Esfera y Muñeco ML9204","1474.95","2945"
"3833","51284","Inflable 1.2M Santa c/Arbol Ml9217","739.97","2946"
"3834","51886","Inflable 1.8M Muñecos con Pingüino ML9222","1499.94","2947"
"3841","40402","Arbol Naviplastic 1.90M Monarca Verde ","652.07","2955"
"3842","40503","Arbol Naviplastic 2.20M Monarca Verde ","939.22","2956"
"3843","0","Libre","169.00","2960"
"3849","40505","Arbol 2.20M Verde Royal Canada","1253.35","2962"
"3850","49861","Metro Guirnalda Verde Nevada ","23.86","2963"
"3962","25072","Nochebuena Plata DL63301","16.15","3287"
"3963","27023","Ramita Chocolate F78089","18.53","3288"
"3965","24050","Hoja Oro M21113","8.74","3295"
"3966","24052","Hoja Plata M21113","8.74","3296"
"3967","24053","Hoja Roja M21113","8.74","3297"
"3968","27203","Hoja Chocolate M66032","9.50","3298"
"3969","27212","Hoja Plata M66032","9.50","3299"
"3972","23110","Pick Skimmia Oro N05104","18.53","3301"
"3973","23112","Pick Skimmia Plata N05104","18.53","3302"
"3974","41453","Arbol con Flores LED Blanco 1.80M  ","1550.00","3510"
"3975","17534","Cortina LED 800 Luces Blanca Fija C/Transp 3X3M","365.07","3153"
"3976","59914","Nacimiento Oro Tradicional","500.00","3056"
"3980","23162","Pick Skimmia Blanco N05064","18.53","3525"
"3981","23170","Pick Skimmia Oro N05064","18.53","3526"
"3982","29035","Berrie Rojo Nevado 710236","28.50","3535"
"3985","25253","Nochebuena Med Roja A30013/12","9.11","3538"
"3986","25250","Nochebuena Med Oro A30013/12","9.11","3539"
